kp_name,sr_name,espn_name,KenPomRank,KenPomVal,SRS,o_eff,d_eff,ppg,papg,BPIrank,BPIval,Pace,Three_Par,True_Shoot,Tov,Opp_Three_Par,Opp_True_Shoot,Opp_Tov,record_date
Abilene Christian,Abilene Christian,Abilene Christian,121,+4.45,9.51,100.42,85.83,74.6,57.5,137,1.3,73.9,.373,.532,17.3,.352,.481,27.9,2020-12-30 07:16:54
Air Force,Air Force,Air Force,252,-7.45,-12.30,86.10,103.25,58.0,64.8,311,-6.8,64.9,.443,.547,22.2,.418,.527,18.0,2020-12-30 07:16:54
Akron,Akron,Akron,124,+3.80,21.50,130.09,97.24,88.5,70.8,128,2.2,72.2,.467,.616,14.6,.341,.497,13.9,2020-12-30 07:16:54
Alabama,Alabama,Alabama,48,+16.22,13.50,111.58,92.01,77.3,70.4,61,6.1,74.3,.489,.523,15.3,.381,.509,19.0,2020-12-30 07:16:54
Alabama A&M,Alabama A&M,Alabama A&M,339,-16.67,-3.37,86.03,91.00,85.5,83.0,318,-7.2,75.7,.429,.584,21.5,.350,.494,14.7,2020-12-30 07:16:54
Alabama St.,Alabama State,Alabama State,352,-21.71,,,,,,344,-11.7,,,,,,,,2020-12-30 07:16:54
Albany,Albany (NY),Albany,301,-11.18,-7.04,94.80,105.03,63.0,66.7,192,-1.5,68.6,.351,.483,14.0,.373,.556,19.3,2020-12-30 07:16:54
Alcorn St.,Alcorn State,Alcorn State,345,-19.72,-27.93,88.45,123.84,57.3,95.5,322,-7.6,71.7,.322,.438,21.8,.416,.665,14.1,2020-12-30 07:16:54
American,American,American,257,-7.92,,,,,,259,-4.1,,,,,,,,2020-12-30 07:16:54
Appalachian St.,Appalachian State,Appalachian State,199,-3.63,-5.29,92.93,102.63,73.2,56.7,164,-0.1,68.0,.425,.546,16.7,.393,.454,18.4,2020-12-30 07:16:54
Arizona,Arizona,Arizona,38,+17.32,16.93,116.98,91.99,78.4,64.0,54,6.7,69.8,.338,.567,15.6,.356,.506,19.0,2020-12-30 07:16:54
Arizona St.,Arizona State,Arizona State,56,+13.90,6.33,106.93,96.43,77.1,76.6,55,6.5,75.3,.403,.549,14.2,.398,.565,20.3,2020-12-30 07:16:54
Arkansas,Arkansas,Arkansas,36,+17.43,22.13,117.35,87.25,90.0,61.6,28,9.1,75.2,.418,.571,13.0,.366,.444,16.7,2020-12-30 07:16:54
Arkansas Pine Bluff,Arkansas-Pine Bluff,Arkansas-Pine Bluff,351,-21.57,-22.57,85.02,114.06,56.7,87.9,342,-10.5,71.4,.301,.442,20.8,.355,.610,12.5,2020-12-30 07:16:54
Arkansas St.,Arkansas State,Arkansas State,281,-9.73,-16.87,85.37,107.43,75.9,66.4,308,-6.5,71.9,.275,.551,15.9,.340,.481,16.9,2020-12-30 07:16:54
Army,Army,Army,208,-4.38,8.50,100.26,88.40,76.4,59.6,220,-2.5,71.7,.461,.586,17.5,.351,.451,16.2,2020-12-30 07:16:54
Auburn,Auburn,Auburn,65,+12.09,7.84,104.69,90.86,75.8,69.1,111,3.0,71.5,.510,.549,19.3,.377,.511,18.0,2020-12-30 07:16:54
Austin Peay,Austin Peay,Austin Peay,180,-1.71,-8.24,100.46,111.96,74.5,68.9,175,-0.8,72.0,.329,.542,19.4,.322,.549,22.9,2020-12-30 07:16:54
BYU,Brigham Young,BYU,67,+11.85,12.88,107.96,88.78,78.9,67.4,37,8.0,73.0,.429,.573,17.3,.307,.491,16.8,2020-12-30 07:16:54
Ball St.,Ball State,Ball State,141,+2.30,-3.63,97.33,101.42,71.4,70.7,158,0.1,70.4,.385,.515,15.2,.346,.520,17.8,2020-12-30 07:16:54
Baylor,Baylor,Baylor,2,+30.89,29.46,129.38,87.92,93.6,60.3,1,15.7,73.2,.378,.619,13.1,.330,.482,24.4,2020-12-30 07:16:54
Bellarmine,Bellarmine,Bellarmine,260,-8.09,-8.74,97.55,109.45,69.0,74.3,341,-10.5,66.6,.280,.564,16.7,.557,.636,20.2,2020-12-30 07:16:54
Belmont,Belmont,Belmont,107,+6.35,-0.83,102.37,103.16,79.1,68.4,125,2.2,73.1,.432,.585,16.7,.396,.501,18.1,2020-12-30 07:16:54
Binghamton,Binghamton,Binghamton,340,-16.80,-13.92,93.46,112.55,65.9,72.4,274,-4.8,67.6,.472,.511,19.9,.308,.541,15.0,2020-12-30 07:16:54
Boise St.,Boise State,Boise State,73,+10.99,19.23,110.80,82.42,77.1,58.0,60,6.1,71.5,.356,.557,14.9,.319,.461,21.7,2020-12-30 07:16:54
Boston College,Boston College,Boston College,103,+6.56,2.21,104.29,100.42,74.3,82.1,108,3.1,75.3,.465,.533,17.6,.353,.586,18.0,2020-12-30 07:16:54
Boston University,Boston University,Boston University,182,-1.83,,,,,,144,0.8,,,,,,,,2020-12-30 07:16:54
Bowling Green,Bowling Green State,Bowling Green,153,+0.96,1.43,106.73,104.60,83.9,77.9,156,0.1,74.1,.363,.557,13.6,.383,.556,17.9,2020-12-30 07:16:54
Bradley,Bradley,Bradley,111,+5.78,6.07,98.38,89.09,74.9,59.3,83,4.7,69.1,.364,.533,15.4,.399,.440,15.5,2020-12-30 07:16:54
Bryant,Bryant,Bryant,197,-3.48,5.42,109.50,103.34,92.9,80.6,229,-2.7,81.6,.388,.612,16.5,.364,.496,15.5,2020-12-30 07:16:54
Bucknell,Bucknell,Bucknell,246,-6.96,,,,,,170,-0.6,,,,,,,,2020-12-30 07:16:54
Buffalo,Buffalo,Buffalo,117,+4.92,4.90,105.73,98.21,82.2,77.0,119,2.6,75.5,.305,.546,15.8,.343,.506,13.1,2020-12-30 07:16:54
Butler,Butler,Butler,72,+11.10,2.19,102.01,98.20,67.0,71.0,85,4.5,67.2,.342,.523,15.3,.376,.578,15.4,2020-12-30 07:16:54
Cal Baptist,California Baptist,California Baptist,272,-9.03,-0.39,108.47,108.08,90.6,72.0,224,-2.7,73.8,.500,.605,15.6,.362,.497,17.3,2020-12-30 07:16:54
Cal Poly,Cal Poly,Cal Poly,329,-14.58,-20.71,87.40,114.32,69.5,71.2,300,-6.2,73.3,.338,.513,17.3,.340,.531,18.6,2020-12-30 07:16:54
Cal St. Bakersfield,Cal State Bakersfield,CSU Bakersfield,159,-0.05,1.95,100.05,95.53,70.4,58.1,134,1.5,67.6,.253,.524,18.4,.423,.492,22.2,2020-12-30 07:16:54
Cal St. Fullerton,Cal State Fullerton,CSU Fullerton,322,-13.76,,,,94.0,70.0,255,-3.9,78.2,.373,.651,14.2,.492,.492,20.2,2020-12-30 07:16:54
Cal St. Northridge,Cal State Northridge,CSU Northridge,273,-9.13,-9.13,100.39,112.31,73.7,75.1,201,-1.8,72.7,.404,.513,14.5,.417,.564,17.8,2020-12-30 07:16:54
California,University of California,California,134,+3.04,-0.82,98.52,98.45,68.7,65.8,123,2.5,68.5,.410,.549,18.5,.357,.528,17.2,2020-12-30 07:16:54
Campbell,Campbell,Campbell,275,-9.18,-12.63,89.43,106.17,75.9,72.0,237,-3.1,71.5,.364,.581,16.9,.384,.554,20.9,2020-12-30 07:16:54
Canisius,Canisius,Canisius,258,-8.02,-14.30,92.02,109.76,67.0,77.3,204,-1.8,73.7,.471,.482,17.3,.332,.591,19.9,2020-12-30 07:16:54
Central Arkansas,Central Arkansas,Central Arkansas,248,-7.07,-5.54,94.34,98.29,69.8,78.6,226,-2.7,77.7,.338,.524,23.0,.373,.525,15.4,2020-12-30 07:16:54
Central Connecticut,Central Connecticut State,Central Connecticut,335,-15.30,-10.09,99.14,111.78,75.1,82.4,309,-6.7,74.8,.345,.556,17.6,.397,.581,16.2,2020-12-30 07:16:54
Central Michigan,Central Michigan,Central Michigan,210,-4.58,-7.71,98.10,107.65,83.3,72.8,202,-1.8,76.3,.318,.552,14.8,.406,.521,19.2,2020-12-30 07:16:54
Charleston,College of Charleston,Charleston,220,-5.21,-7.00,97.21,108.12,71.9,73.4,162,-0.1,68.5,.399,.531,15.5,.415,.566,15.9,2020-12-30 07:16:54
Charleston Southern,Charleston Southern,Charleston Southern,314,-12.71,-20.30,78.71,105.16,65.2,70.2,303,-6.3,73.0,.345,.509,24.1,.357,.518,19.0,2020-12-30 07:16:54
Charlotte,Charlotte,Charlotte,171,-1.20,-1.72,99.32,99.48,66.0,61.7,160,0.0,64.7,.355,.552,16.7,.445,.517,17.4,2020-12-30 07:16:54
Chattanooga,Chattanooga,Chattanooga,162,-0.42,-0.36,100.94,100.34,75.8,65.0,142,1.0,71.4,.375,.559,16.1,.294,.504,19.0,2020-12-30 07:16:54
Chicago St.,Chicago State,Chicago State,356,-28.44,-30.92,77.34,118.24,55.4,88.7,346,-16.4,71.2,.408,.448,20.1,.367,.619,13.9,2020-12-30 07:16:54
Cincinnati,Cincinnati,Cincinnati,76,+10.61,7.79,103.69,91.73,68.4,71.7,97,3.9,72.4,.369,.514,19.2,.306,.541,17.0,2020-12-30 07:16:54
Clemson,Clemson,Clemson,17,+20.50,17.98,102.38,74.67,67.9,55.1,29,8.9,67.9,.424,.529,17.4,.384,.465,24.0,2020-12-30 07:16:54
Cleveland St.,Cleveland State,Cleveland State,192,-2.90,-8.18,95.66,104.48,69.7,74.6,238,-3.2,68.7,.367,.541,17.7,.440,.552,16.9,2020-12-30 07:16:54
Coastal Carolina,Coastal Carolina,Coastal Carolina,177,-1.54,-3.56,108.11,111.52,96.1,66.3,154,0.2,74.1,.340,.630,15.4,.428,.494,20.0,2020-12-30 07:16:54
Colgate,Colgate,Colgate,149,+1.52,,,,,,138,1.2,,,,,,,,2020-12-30 07:16:54
Colorado,Colorado,Colorado,32,+18.07,18.77,116.63,89.01,77.4,61.3,21,9.6,68.1,.370,.583,14.8,.348,.487,18.6,2020-12-30 07:16:54
Colorado St.,Colorado State,Colorado State,99,+7.09,7.51,90.74,80.64,71.6,58.4,106,3.1,70.8,.406,.557,16.0,.462,.457,19.8,2020-12-30 07:16:54
Connecticut,Connecticut,UConn,47,+16.22,16.53,110.36,86.84,76.5,66.5,43,7.6,67.4,.372,.524,14.9,.355,.502,17.2,2020-12-30 07:16:54
Coppin St.,Coppin State,Coppin State,336,-15.35,-16.88,82.69,103.75,63.6,80.1,304,-6.4,77.1,.508,.453,16.2,.395,.553,20.1,2020-12-30 07:16:54
Creighton,Creighton,Creighton,14,+21.46,18.61,116.32,90.77,82.9,70.0,8,11.7,72.8,.436,.584,13.4,.385,.492,15.6,2020-12-30 07:16:54
Davidson,Davidson,Davidson,69,+11.49,9.04,114.10,98.98,72.3,64.8,41,7.7,63.7,.498,.586,15.6,.406,.523,13.0,2020-12-30 07:16:54
Dayton,Dayton,Dayton,59,+13.18,7.06,101.75,90.32,69.2,66.6,86,4.5,66.6,.333,.604,23.9,.307,.476,17.7,2020-12-30 07:16:54
DePaul,DePaul,DePaul,87,+9.36,4.51,106.42,99.48,90.5,83.5,74,5.2,75.3,.321,.616,20.1,.362,.491,14.6,2020-12-30 07:16:54
Delaware,Delaware,Delaware,259,-8.05,-11.10,90.31,105.66,65.6,70.6,277,-5.0,69.8,.494,.522,18.2,.394,.547,18.2,2020-12-30 07:16:54
Delaware St.,Delaware State,Delaware State,353,-23.20,-30.98,81.32,118.47,64.0,98.5,343,-11.3,77.3,.422,.475,21.5,.352,.644,15.2,2020-12-30 07:16:54
Denver,Denver,Denver,326,-14.10,-18.51,87.46,112.04,69.1,75.1,339,-9.5,71.2,.290,.560,20.6,.420,.559,16.2,2020-12-30 07:16:54
Detroit,Detroit Mercy,Detroit Mercy,242,-6.72,-7.62,97.81,106.12,72.0,79.5,208,-2.0,72.0,.388,.503,14.2,.371,.571,16.5,2020-12-30 07:16:54
Dixie St.,Dixie State,Dixie State,310,-12.16,-12.15,91.46,105.58,78.0,76.2,332,-8.6,76.2,.330,.555,16.9,.358,.533,17.0,2020-12-30 07:16:54
Drake,Drake,Drake,75,+10.63,14.29,118.00,96.44,84.7,60.8,65,5.6,69.9,.315,.610,15.0,.361,.488,20.1,2020-12-30 07:16:54
Drexel,Drexel,Drexel,152,+1.07,2.22,101.44,96.61,70.4,63.7,155,0.2,69.3,.335,.534,16.8,.338,.517,19.0,2020-12-30 07:16:54
Duke,Duke,Duke,13,+21.67,5.30,101.40,92.18,73.8,69.6,25,9.3,72.1,.366,.540,17.4,.337,.529,18.2,2020-12-30 07:16:54
Duquesne,Duquesne,Duquesne,88,+9.32,1.86,103.39,100.17,73.5,72.0,57,6.4,73.0,.411,.536,17.9,.302,.547,22.9,2020-12-30 07:16:54
East Carolina,East Carolina,East Carolina,122,+4.13,4.13,97.74,90.51,72.1,63.3,132,1.8,68.4,.305,.534,15.6,.431,.503,19.5,2020-12-30 07:16:54
East Tennessee St.,East Tennessee State,East Tennessee State,178,-1.59,-0.92,91.03,91.51,65.4,62.1,210,-2.1,71.8,.435,.505,20.2,.411,.481,20.7,2020-12-30 07:16:54
Eastern Illinois,Eastern Illinois,Eastern Illinois,181,-1.82,-5.25,99.94,105.88,72.6,74.4,150,0.4,69.2,.296,.506,13.3,.382,.564,16.6,2020-12-30 07:16:54
Eastern Kentucky,Eastern Kentucky,Eastern Kentucky,189,-2.73,-0.34,93.57,94.06,83.2,68.7,133,1.6,78.9,.416,.525,14.4,.369,.527,26.0,2020-12-30 07:16:54
Eastern Michigan,Eastern Michigan,Eastern Michigan,207,-4.34,-19.15,92.16,117.52,78.0,72.2,212,-2.2,76.0,.427,.530,15.2,.462,.573,24.6,2020-12-30 07:16:54
Eastern Washington,Eastern Washington,Eastern Washington,130,+3.48,3.41,100.12,94.15,70.3,68.3,143,0.9,72.8,.440,.524,14.8,.344,.474,13.9,2020-12-30 07:16:54
Elon,Elon,Elon,205,-4.04,-5.24,100.52,106.52,72.0,63.5,196,-1.6,68.5,.431,.563,16.9,.353,.519,18.6,2020-12-30 07:16:54
Evansville,Evansville,Evansville,287,-10.27,-9.85,93.46,106.90,66.3,71.4,306,-6.5,64.1,.521,.546,17.1,.313,.566,16.3,2020-12-30 07:16:54
FIU,Florida International,Florida International,183,-1.85,-0.52,108.05,108.44,88.6,73.5,191,-1.4,75.6,.536,.586,15.8,.327,.521,21.2,2020-12-30 07:16:54
Fairfield,Fairfield,Fairfield,330,-14.59,-16.99,83.50,108.23,58.4,71.3,289,-5.6,67.6,.358,.461,19.1,.320,.523,13.0,2020-12-30 07:16:54
Fairleigh Dickinson,Fairleigh Dickinson,Fairleigh Dickinson,284,-10.12,-10.87,95.82,109.47,71.1,80.9,234,-3.0,73.0,.333,.528,18.6,.345,.573,16.1,2020-12-30 07:16:54
Florida,Florida,Florida,22,+19.30,17.77,107.54,82.94,80.8,65.5,17,9.9,75.0,.335,.584,18.3,.407,.499,22.2,2020-12-30 07:16:54
Florida A&M,Florida A&M,Florida A&M,288,-10.30,-6.26,95.00,102.98,65.2,77.7,323,-7.6,70.1,.276,.514,20.2,.388,.580,17.6,2020-12-30 07:16:54
Florida Atlantic,Florida Atlantic,Florida Atlantic,216,-4.91,-14.85,86.83,107.22,86.8,63.6,218,-2.5,72.4,.404,.575,12.8,.410,.507,22.7,2020-12-30 07:16:54
Florida Gulf Coast,Florida Gulf Coast,Florida Gulf Coast,233,-6.04,-3.46,93.82,97.65,76.1,64.6,221,-2.6,73.3,.451,.550,19.6,.384,.487,20.5,2020-12-30 07:16:54
Florida St.,Florida State,Florida State,33,+18.01,14.47,112.10,91.03,75.0,68.4,53,6.9,70.1,.395,.534,16.3,.411,.518,19.1,2020-12-30 07:16:54
Fordham,Fordham,Fordham,186,-2.14,,,,,,236,-3.1,,,,,,,,2020-12-30 07:16:54
Fresno St.,Fresno State,Fresno State,166,-0.84,-14.49,97.58,117.17,72.7,62.3,179,-1.0,73.0,.345,.528,19.8,.503,.464,20.5,2020-12-30 07:16:54
Furman,Furman,Furman,70,+11.32,14.37,114.23,94.32,87.1,65.8,82,4.8,74.9,.487,.622,16.4,.374,.480,19.8,2020-12-30 07:16:54
Gardner Webb,Gardner-Webb,Gardner-Webb,212,-4.82,-0.40,99.70,98.62,68.2,73.4,195,-1.5,71.9,.455,.525,18.1,.435,.498,13.4,2020-12-30 07:16:54
George Mason,George Mason,George Mason,139,+2.35,-6.58,92.46,100.25,70.0,68.5,153,0.3,70.6,.451,.506,16.5,.323,.534,19.5,2020-12-30 07:16:54
George Washington,George Washington,George Washington,245,-6.94,-10.69,98.78,112.99,75.6,77.1,177,-0.9,72.6,.334,.562,19.2,.391,.540,16.0,2020-12-30 07:16:54
Georgetown,Georgetown,Georgetown,109,+6.22,3.97,101.64,95.82,75.3,76.3,124,2.4,73.8,.395,.530,18.6,.406,.511,12.1,2020-12-30 07:16:54
Georgia,Georgia,Georgia,85,+9.70,13.78,106.52,88.84,81.1,64.7,96,3.9,77.0,.295,.551,19.3,.400,.480,22.4,2020-12-30 07:16:54
Georgia Southern,Georgia Southern,Georgia Southern,238,-6.27,-8.19,91.14,103.49,83.8,67.7,258,-4.0,72.1,.304,.568,16.2,.449,.532,22.0,2020-12-30 07:16:54
Georgia St.,Georgia State,Georgia State,104,+6.56,4.57,105.75,97.36,93.6,74.9,71,5.4,72.8,.384,.590,11.3,.391,.492,17.9,2020-12-30 07:16:54
Georgia Tech,Georgia Tech,Georgia Tech,78,+10.19,4.98,111.34,103.03,82.7,77.0,81,4.8,70.4,.374,.555,13.7,.372,.553,18.3,2020-12-30 07:16:54
Gonzaga,Gonzaga,Gonzaga,1,+31.19,25.54,124.81,89.98,96.2,73.6,4,13.4,76.8,.323,.629,13.1,.359,.523,18.5,2020-12-30 07:16:54
Grambling St.,Grambling,Grambling,325,-13.88,-12.85,90.62,106.62,61.3,71.1,296,-6.1,70.2,.313,.505,21.0,.394,.496,14.8,2020-12-30 07:16:54
Grand Canyon,Grand Canyon,Grand Canyon,142,+2.16,4.85,104.61,95.89,76.7,65.0,102,3.3,68.8,.323,.580,17.0,.449,.513,15.1,2020-12-30 07:16:54
Green Bay,Green Bay,Green Bay,286,-10.27,-8.86,94.22,104.91,65.9,81.9,331,-8.5,71.4,.334,.478,15.4,.308,.565,13.3,2020-12-30 07:16:54
Hampton,Hampton,Hampton,337,-15.49,-17.95,83.49,106.68,68.7,73.1,287,-5.6,74.4,.368,.475,15.5,.358,.538,18.8,2020-12-30 07:16:54
Hartford,Hartford,Hartford,266,-8.69,-5.46,92.17,100.05,63.4,64.0,246,-3.4,67.1,.434,.504,16.9,.402,.513,18.6,2020-12-30 07:16:54
Hawaii,Hawaii,Hawai'i,234,-6.14,,,,86.0,58.0,211,-2.1,78.0,.307,.574,17.6,.342,.442,21.1,2020-12-30 07:16:54
High Point,High Point,High Point,261,-8.14,-6.76,98.89,106.27,74.6,76.7,240,-3.2,72.1,.290,.543,17.1,.488,.565,17.2,2020-12-30 07:16:54
Hofstra,Hofstra,Hofstra,140,+2.31,4.82,105.10,97.41,73.7,73.3,129,2.0,71.8,.443,.541,15.9,.373,.529,14.5,2020-12-30 07:16:54
Holy Cross,Holy Cross,Holy Cross,346,-19.75,,,,,,324,-7.8,,,,,,,,2020-12-30 07:16:54
Houston,Houston,Houston,10,+22.60,19.97,113.93,83.31,73.6,55.9,10,11.7,67.8,.395,.520,14.7,.342,.469,22.5,2020-12-30 07:16:54
Houston Baptist,Houston Baptist,Houston Baptist,350,-20.79,-17.13,90.95,111.80,69.1,84.5,328,-8.3,74.5,.397,.533,21.2,.402,.570,14.3,2020-12-30 07:16:54
Howard,Howard,Howard,317,-13.25,-20.28,93.32,121.35,72.6,84.8,320,-7.4,73.7,.435,.541,17.7,.411,.556,10.4,2020-12-30 07:16:54
IUPUI,IUPUI,IUPUI,263,-8.37,-12.01,84.37,99.90,69.0,66.0,268,-4.5,78.5,.333,.474,18.9,.246,.433,18.3,2020-12-30 07:16:54
Idaho,Idaho,Idaho,342,-17.57,-12.52,88.15,104.27,55.4,73.2,329,-8.3,67.8,.368,.481,23.8,.275,.547,16.3,2020-12-30 07:16:54
Idaho St.,Idaho State,Idaho State,289,-10.32,-13.35,85.20,103.23,71.6,61.1,248,-3.5,70.0,.393,.569,21.9,.319,.481,18.1,2020-12-30 07:16:54
Illinois,Illinois,Illinois,6,+23.97,25.67,122.34,88.02,87.3,70.1,9,11.7,74.0,.293,.616,16.5,.340,.490,13.3,2020-12-30 07:16:54
Illinois Chicago,Illinois-Chicago,UIC,206,-4.16,-3.19,96.07,98.81,71.6,67.6,244,-3.3,71.0,.433,.538,15.7,.291,.476,12.2,2020-12-30 07:16:54
Illinois St.,Illinois State,Illinois State,251,-7.40,-12.88,93.87,110.72,82.9,83.8,262,-4.1,78.2,.376,.583,17.5,.401,.558,15.3,2020-12-30 07:16:54
Incarnate Word,Incarnate Word,Incarnate Word,343,-19.29,-15.75,89.43,109.76,67.0,76.8,333,-8.7,69.3,.315,.542,20.0,.315,.529,12.3,2020-12-30 07:16:54
Indiana,Indiana,Indiana,23,+19.16,14.44,106.74,86.61,71.1,63.3,27,9.1,69.2,.320,.542,16.4,.369,.485,17.9,2020-12-30 07:16:54
Indiana St.,Indiana State,Indiana State,156,+0.25,1.47,96.45,93.99,67.9,71.6,223,-2.6,71.5,.348,.528,18.0,.317,.556,20.6,2020-12-30 07:16:54
Iona,Iona,Iona,213,-4.85,-4.31,97.93,102.99,70.9,67.1,169,-0.6,69.0,.395,.535,17.8,.351,.531,18.4,2020-12-30 07:16:54
Iowa,Iowa,Iowa,4,+25.17,23.46,128.59,95.70,94.3,73.9,3,14.0,73.7,.423,.589,10.5,.382,.504,17.0,2020-12-30 07:16:54
Iowa St.,Iowa State,Iowa State,91,+8.55,-2.48,96.45,98.59,69.2,71.3,72,5.3,70.2,.415,.557,21.0,.340,.521,17.5,2020-12-30 07:16:54
Jackson St.,Jackson State,Jackson State,319,-13.40,-20.98,79.93,106.70,53.4,78.0,280,-5.1,71.9,.272,.425,23.8,.341,.561,17.8,2020-12-30 07:16:54
Jacksonville,Jacksonville,Jacksonville,303,-11.61,-14.29,90.90,109.59,71.1,69.1,275,-4.8,73.0,.411,.547,19.8,.359,.500,19.1,2020-12-30 07:16:54
Jacksonville St.,Jacksonville State,Jacksonville State,241,-6.60,-4.34,91.54,95.92,75.0,63.3,207,-2.0,70.1,.439,.556,17.9,.411,.483,17.5,2020-12-30 07:16:54
James Madison,James Madison,James Madison,253,-7.46,-1.53,102.67,103.94,78.7,67.8,149,0.5,74.1,.410,.546,16.6,.398,.512,21.7,2020-12-30 07:16:54
Kansas,Kansas,Kansas,7,+23.95,18.33,115.12,87.96,78.7,66.1,12,10.8,71.6,.369,.546,15.3,.384,.479,16.1,2020-12-30 07:16:54
Kansas St.,Kansas State,Kansas State,151,+1.17,-0.47,101.47,101.62,66.5,70.7,166,-0.3,66.3,.438,.538,19.4,.444,.583,19.3,2020-12-30 07:16:54
Kennesaw St.,Kennesaw State,Kennesaw State,348,-20.57,-10.74,83.71,98.54,69.8,65.3,335,-9.2,71.9,.416,.515,17.9,.309,.498,17.9,2020-12-30 07:16:54
Kent St.,Kent State,Kent State,148,+1.53,8.98,104.39,92.18,81.5,62.8,171,-0.6,71.0,.413,.562,15.9,.430,.479,19.1,2020-12-30 07:16:54
Kentucky,Kentucky,Kentucky,52,+15.51,5.42,96.11,87.41,64.9,66.6,64,5.7,69.5,.298,.485,19.2,.364,.496,15.6,2020-12-30 07:16:54
LIU,Long Island University,Long Island University,279,-9.37,-12.03,82.01,97.51,73.5,71.0,243,-3.3,75.1,.341,.477,13.5,.460,.485,18.9,2020-12-30 07:16:54
LSU,Louisiana State,LSU,25,+18.82,18.59,123.92,96.55,86.9,66.3,14,10.3,71.5,.424,.628,15.2,.474,.482,17.5,2020-12-30 07:16:54
La Salle,La Salle,La Salle,175,-1.38,-1.58,93.05,94.59,65.1,68.4,193,-1.5,70.0,.388,.525,19.9,.394,.512,16.7,2020-12-30 07:16:54
Lafayette,Lafayette,Lafayette,228,-5.85,,,,,,199,-1.7,,,,,,,,2020-12-30 07:16:54
Lamar,Lamar,Lamar,306,-11.68,-21.18,81.13,108.65,60.2,72.7,288,-5.6,71.4,.287,.462,18.7,.387,.537,17.4,2020-12-30 07:16:54
Lehigh,Lehigh,Lehigh,291,-10.53,,,,,,317,-7.1,,,,,,,,2020-12-30 07:16:54
Liberty,Liberty,Liberty,106,+6.42,10.70,114.53,97.12,77.8,58.5,92,4.2,66.0,.555,.632,14.1,.317,.497,18.9,2020-12-30 07:16:54
Lipscomb,Lipscomb,Lipscomb,219,-5.15,-10.51,96.42,110.72,72.6,70.8,254,-3.9,70.1,.388,.562,16.4,.396,.526,16.1,2020-12-30 07:16:54
Little Rock,Little Rock,Little Rock,146,+1.77,1.04,104.86,102.40,76.1,72.4,176,-0.9,71.8,.308,.571,19.2,.428,.554,19.9,2020-12-30 07:16:54
Long Beach St.,Cal State Long Beach,Long Beach State,255,-7.62,-22.77,89.56,117.19,67.7,89.0,261,-4.1,76.8,.240,.462,16.1,.533,.614,16.2,2020-12-30 07:16:54
Longwood,Longwood,Longwood,318,-13.31,-7.61,96.89,106.76,67.3,73.3,313,-6.9,69.1,.401,.548,20.4,.431,.567,17.5,2020-12-30 07:16:54
Louisiana,Louisiana,Louisiana,168,-0.90,-8.12,84.46,93.13,75.9,72.4,276,-4.9,78.9,.342,.510,19.4,.333,.488,15.3,2020-12-30 07:16:54
Louisiana Monroe,Louisiana-Monroe,UL Monroe,297,-10.88,-17.80,86.62,110.18,63.6,69.3,330,-8.4,69.4,.388,.488,17.7,.381,.517,17.9,2020-12-30 07:16:54
Louisiana Tech,Louisiana Tech,Louisiana Tech,115,+4.97,-2.30,97.72,99.36,74.8,66.4,110,3.0,73.1,.386,.530,15.7,.339,.490,17.9,2020-12-30 07:16:54
Louisville,Louisville,Louisville,31,+18.10,12.10,109.67,90.45,69.3,61.4,52,6.9,65.6,.320,.566,17.8,.375,.476,15.5,2020-12-30 07:16:54
Loyola Chicago,Loyola (IL),Loyola Chicago,44,+16.33,10.12,113.26,96.03,80.6,60.9,40,7.8,68.6,.412,.644,16.8,.321,.502,18.4,2020-12-30 07:16:54
Loyola MD,Loyola (MD),Loyola (MD),250,-7.39,,,,,,231,-2.9,,,,,,,,2020-12-30 07:16:54
Loyola Marymount,Loyola Marymount,Loyola Marymount,125,+3.68,2.79,98.50,93.16,71.6,68.0,101,3.4,71.1,.375,.536,19.3,.323,.522,16.8,2020-12-30 07:16:54
Maine,Maine,Maine,347,-19.81,-14.24,84.94,105.03,57.3,68.7,302,-6.3,67.4,.480,.500,24.9,.437,.540,19.4,2020-12-30 07:16:54
Manhattan,Manhattan,Manhattan,321,-13.63,-22.36,85.63,116.56,64.3,73.0,257,-3.9,67.8,.439,.497,20.3,.302,.585,22.1,2020-12-30 07:16:54
Marist,Marist,Marist,226,-5.83,-12.03,78.96,95.33,65.5,60.7,200,-1.8,67.4,.327,.535,22.2,.444,.473,19.8,2020-12-30 07:16:54
Marquette,Marquette,Marquette,53,+15.44,11.59,112.44,95.54,75.3,70.9,63,5.9,69.0,.374,.573,18.2,.418,.517,13.0,2020-12-30 07:16:54
Marshall,Marshall,Marshall,81,+9.98,9.55,105.06,91.47,82.1,70.4,68,5.6,75.2,.415,.584,17.6,.353,.497,18.9,2020-12-30 07:16:54
Maryland,Maryland,Maryland,37,+17.35,17.39,119.72,94.10,74.6,65.1,45,7.3,66.1,.386,.577,13.7,.410,.507,14.5,2020-12-30 07:16:54
Massachusetts,Massachusetts,UMass,120,+4.60,7.33,112.31,102.54,85.5,79.0,127,2.2,77.1,.405,.558,13.5,.343,.606,20.9,2020-12-30 07:16:54
McNeese St.,McNeese State,McNeese,327,-14.13,-28.88,90.08,125.47,93.8,62.9,184,-1.1,79.6,.356,.598,15.6,.306,.465,23.6,2020-12-30 07:16:54
Memphis,Memphis,Memphis,63,+12.54,6.34,97.52,88.14,72.1,64.1,62,5.9,74.6,.339,.489,16.9,.395,.491,20.5,2020-12-30 07:16:54
Mercer,Mercer,Mercer,160,-0.08,2.79,106.42,102.34,81.8,72.1,148,0.6,74.0,.406,.577,16.2,.346,.507,15.1,2020-12-30 07:16:54
Merrimack,Merrimack,Merrimack,299,-11.00,,,,,,206,-1.9,,,,,,,,2020-12-30 07:16:54
Miami FL,Miami (FL),Miami,66,+11.90,3.35,95.82,90.38,69.3,64.7,76,5.1,71.1,.363,.516,17.8,.466,.494,17.5,2020-12-30 07:16:54
Miami OH,Miami (OH),Miami (OH),200,-3.66,-6.32,98.16,105.76,67.3,69.7,264,-4.2,67.0,.393,.506,12.3,.404,.530,15.6,2020-12-30 07:16:54
Michigan,Michigan,Michigan,15,+21.41,17.94,115.05,89.21,82.0,67.7,19,9.7,70.7,.373,.610,16.4,.362,.469,12.8,2020-12-30 07:16:54
Michigan St.,Michigan State,Michigan State,51,+15.60,4.09,104.85,98.74,78.4,75.4,31,8.8,73.4,.375,.542,15.4,.366,.538,13.6,2020-12-30 07:16:54
Middle Tennessee,Middle Tennessee,Middle Tennessee,198,-3.58,-6.31,85.45,93.13,62.8,64.2,183,-1.0,74.5,.383,.466,20.6,.320,.500,21.9,2020-12-30 07:16:54
Milwaukee,Milwaukee,Milwaukee,237,-6.23,-0.99,101.93,101.69,72.0,66.5,178,-0.9,67.9,.351,.544,13.7,.419,.522,15.3,2020-12-30 07:16:54
Minnesota,Minnesota,Minnesota,27,+18.26,16.07,110.79,88.99,84.3,73.9,47,7.2,74.7,.404,.552,13.3,.327,.490,16.0,2020-12-30 07:16:54
Mississippi,Mississippi,Ole Miss,43,+16.35,11.24,100.51,82.80,73.1,56.9,34,8.1,71.6,.313,.524,17.6,.379,.466,24.4,2020-12-30 07:16:54
Mississippi St.,Mississippi State,Mississippi State,80,+10.12,5.57,109.97,98.77,73.0,63.5,56,6.5,65.2,.290,.532,16.6,.467,.510,16.6,2020-12-30 07:16:54
Mississippi Valley St.,Mississippi Valley State,Mississippi Valley State,357,-33.15,-38.52,78.34,125.45,56.1,100.5,347,-18.4,75.5,.556,.432,20.9,.443,.631,13.0,2020-12-30 07:16:54
Missouri,Missouri,Missouri,40,+16.94,21.86,112.79,81.07,75.0,65.3,48,7.1,69.9,.387,.549,15.5,.377,.471,14.4,2020-12-30 07:16:54
Missouri St.,Missouri State,Missouri State,135,+2.94,8.63,111.34,98.15,81.2,70.4,152,0.4,72.8,.473,.592,15.3,.337,.496,14.7,2020-12-30 07:16:54
Monmouth,Monmouth,Monmouth,163,-0.74,3.92,107.07,102.10,84.6,77.0,168,-0.5,78.0,.354,.580,16.9,.454,.527,19.8,2020-12-30 07:16:54
Montana,Montana,Montana,147,+1.68,5.39,94.87,86.55,69.9,62.4,135,1.5,69.6,.257,.553,19.1,.353,.469,16.8,2020-12-30 07:16:54
Montana St.,Montana State,Montana State,214,-4.86,-8.99,95.69,106.37,77.6,74.0,227,-2.7,74.5,.375,.553,16.4,.371,.521,17.4,2020-12-30 07:16:54
Morehead St.,Morehead State,Morehead State,293,-10.70,-8.80,92.85,105.32,63.9,67.9,272,-4.6,68.2,.414,.527,23.0,.396,.529,16.0,2020-12-30 07:16:54
Morgan St.,Morgan State,Morgan State,308,-12.10,-1.25,95.46,97.09,74.4,72.0,242,-3.3,73.9,.336,.562,20.0,.460,.545,20.9,2020-12-30 07:16:54
Mount St. Mary's,Mount St. Mary's,Mount St. Mary's,239,-6.34,1.67,99.14,96.94,61.4,64.8,247,-3.4,64.8,.413,.521,18.1,.321,.544,15.8,2020-12-30 07:16:54
Murray St.,Murray State,Murray State,110,+5.98,-4.22,97.95,101.11,89.0,69.7,89,4.4,77.3,.296,.632,19.1,.476,.487,17.7,2020-12-30 07:16:54
N.C. State,North Carolina State,NC State,41,+16.87,15.37,111.17,88.13,81.3,62.8,15,10.3,73.3,.323,.566,14.0,.259,.493,25.1,2020-12-30 07:16:54
NJIT,NJIT,NJIT,187,-2.31,-9.34,101.08,112.70,75.0,77.5,174,-0.8,68.7,.332,.525,13.3,.319,.540,16.3,2020-12-30 07:16:54
Navy,Navy,Navy,185,-1.93,0.59,106.46,105.29,70.3,72.8,205,-1.9,66.6,.376,.544,13.1,.479,.597,19.0,2020-12-30 07:16:54
Nebraska,Nebraska,Nebraska,116,+4.95,4.88,98.38,90.59,77.0,70.4,113,2.9,74.8,.441,.520,14.2,.444,.505,18.1,2020-12-30 07:16:54
Nebraska Omaha,Omaha,Omaha,235,-6.22,-10.31,87.94,100.59,61.7,77.3,253,-3.9,73.4,.272,.458,18.8,.373,.551,15.2,2020-12-30 07:16:54
Nevada,Nevada,Nevada,128,+3.53,-1.77,98.71,99.33,71.4,67.2,145,0.8,71.2,.388,.545,17.8,.472,.503,15.8,2020-12-30 07:16:54
New Hampshire,New Hampshire,New Hampshire,218,-5.06,-3.36,91.85,95.60,73.2,66.2,217,-2.5,74.6,.337,.489,14.6,.402,.508,18.7,2020-12-30 07:16:54
New Mexico,New Mexico,New Mexico,236,-6.22,-6.39,96.71,103.64,74.2,70.0,214,-2.3,72.5,.233,.497,16.7,.466,.518,16.3,2020-12-30 07:16:54
New Mexico St.,New Mexico State,New Mexico State,114,+5.22,-12.13,71.54,87.18,79.3,65.7,109,3.1,74.9,.403,.547,15.9,.434,.486,16.8,2020-12-30 07:16:54
New Orleans,New Orleans,New Orleans,324,-13.85,-18.42,87.47,110.84,64.5,74.1,286,-5.6,73.5,.288,.498,22.5,.395,.536,18.1,2020-12-30 07:16:54
Niagara,Niagara,Niagara,224,-5.60,-4.38,97.37,101.41,61.2,62.5,189,-1.3,65.8,.387,.496,16.1,.402,.505,18.1,2020-12-30 07:16:54
Nicholls St.,Nicholls State,Nicholls,217,-4.98,-3.80,93.20,98.03,67.8,72.7,165,-0.3,72.6,.369,.484,16.5,.398,.565,21.2,2020-12-30 07:16:54
Norfolk St.,Norfolk State,Norfolk State,230,-5.88,-6.85,93.45,102.56,67.0,68.6,203,-1.8,68.9,.308,.535,17.0,.455,.489,15.5,2020-12-30 07:16:54
North Alabama,North Alabama,North Alabama,265,-8.66,-19.44,82.93,106.15,82.5,61.7,194,-1.5,76.0,.407,.528,13.3,.426,.458,21.0,2020-12-30 07:16:54
North Carolina,North Carolina,North Carolina,21,+19.55,13.74,107.24,87.04,74.4,68.1,18,9.8,72.7,.248,.507,17.9,.395,.497,17.0,2020-12-30 07:16:54
North Carolina A&T,North Carolina A&T,North Carolina A&T,316,-13.00,-15.63,90.29,108.92,69.8,79.3,285,-5.4,74.8,.349,.494,16.7,.423,.554,19.3,2020-12-30 07:16:54
North Carolina Central,North Carolina Central,North Carolina Central,264,-8.54,-4.23,98.33,103.34,72.5,81.5,273,-4.7,72.0,.339,.549,18.5,.336,.580,19.0,2020-12-30 07:16:54
North Dakota,North Dakota,North Dakota,276,-9.32,-10.11,89.94,103.43,62.8,73.8,316,-7.1,68.4,.416,.503,19.4,.287,.563,15.8,2020-12-30 07:16:54
North Dakota St.,North Dakota State,North Dakota State,165,-0.82,-1.63,96.89,98.11,63.5,70.0,250,-3.8,67.9,.377,.505,18.1,.397,.531,12.6,2020-12-30 07:16:54
North Florida,North Florida,North Florida,296,-10.77,-11.89,95.15,111.54,69.7,78.7,294,-6.0,71.7,.495,.543,21.4,.278,.518,11.7,2020-12-30 07:16:54
North Texas,North Texas,North Texas,102,+6.77,6.81,101.25,91.33,79.9,64.4,78,5.1,71.2,.357,.592,16.2,.324,.505,21.0,2020-12-30 07:16:54
Northeastern,Northeastern,Northeastern,176,-1.42,-0.25,93.39,94.95,64.0,74.3,265,-4.3,70.7,.421,.520,21.5,.296,.527,14.2,2020-12-30 07:16:54
Northern Arizona,Northern Arizona,Northern Arizona,333,-15.00,-17.79,93.66,118.42,58.6,80.6,297,-6.2,66.4,.359,.464,16.0,.396,.645,15.0,2020-12-30 07:16:54
Northern Colorado,Northern Colorado,Northern Colorado,229,-5.87,-15.13,86.29,106.54,67.6,67.7,260,-4.1,70.4,.370,.534,19.3,.230,.523,15.9,2020-12-30 07:16:54
Northern Illinois,Northern Illinois,Northern Illinois,307,-11.80,-19.70,86.49,113.20,59.3,77.7,315,-7.0,67.0,.260,.447,18.6,.479,.580,14.3,2020-12-30 07:16:54
Northern Iowa,Northern Iowa,Northern Iowa,105,+6.44,0.26,100.95,98.53,76.0,75.1,99,3.6,73.9,.406,.541,14.3,.401,.545,16.1,2020-12-30 07:16:54
Northern Kentucky,Northern Kentucky,Northern Kentucky,202,-3.76,-6.30,99.57,106.30,70.3,72.7,245,-3.4,67.9,.408,.507,15.8,.333,.546,17.4,2020-12-30 07:16:54
Northwestern,Northwestern,Northwestern,55,+14.92,14.76,112.95,93.24,83.6,65.4,51,6.9,71.8,.395,.594,13.1,.399,.480,15.1,2020-12-30 07:16:54
Northwestern St.,Northwestern State,Northwestern State,292,-10.55,-12.04,94.51,108.21,67.5,82.7,292,-5.9,74.2,.365,.468,17.2,.371,.555,14.1,2020-12-30 07:16:54
Notre Dame,Notre Dame,Notre Dame,89,+8.85,1.37,113.72,110.71,74.4,76.6,80,4.9,67.6,.440,.585,15.6,.358,.555,10.9,2020-12-30 07:16:54
Oakland,Oakland,Oakland,278,-9.36,-12.47,95.65,111.61,68.2,85.5,312,-6.9,72.7,.462,.471,16.1,.463,.609,18.0,2020-12-30 07:16:54
Ohio,Ohio,Ohio,119,+4.80,9.33,108.50,97.41,81.9,71.3,114,2.9,73.3,.387,.577,15.3,.360,.534,19.5,2020-12-30 07:16:54
Ohio St.,Ohio State,Ohio State,16,+20.53,12.55,112.66,93.64,76.6,66.3,20,9.7,66.7,.367,.552,12.0,.361,.517,15.9,2020-12-30 07:16:54
Oklahoma,Oklahoma,Oklahoma,42,+16.75,12.76,115.99,97.86,82.7,70.9,26,9.2,71.3,.366,.576,13.6,.406,.519,16.3,2020-12-30 07:16:54
Oklahoma St.,Oklahoma State,Oklahoma State,46,+16.23,10.69,104.86,88.59,76.8,70.3,84,4.6,74.6,.340,.533,16.8,.423,.496,17.6,2020-12-30 07:16:54
Old Dominion,Old Dominion,Old Dominion,118,+4.86,-0.74,103.92,103.89,71.7,70.8,163,-0.1,69.4,.330,.537,15.1,.417,.531,14.4,2020-12-30 07:16:54
Oral Roberts,Oral Roberts,Oral Roberts,184,-1.87,3.09,105.69,99.06,82.9,76.4,185,-1.1,77.4,.496,.551,14.7,.336,.494,14.9,2020-12-30 07:16:54
Oregon,Oregon,Oregon,19,+20.18,17.63,113.24,87.77,77.4,63.9,23,9.4,71.6,.339,.559,16.7,.413,.488,18.2,2020-12-30 07:16:54
Oregon St.,Oregon State,Oregon State,133,+3.09,-3.57,99.62,102.27,77.0,64.3,117,2.7,69.7,.335,.540,14.0,.375,.483,17.7,2020-12-30 07:16:54
Pacific,Pacific,Pacific,137,+2.58,-3.06,96.12,98.75,72.5,66.0,219,-2.5,69.4,.288,.474,12.6,.450,.506,16.9,2020-12-30 07:16:54
Penn St.,Penn State,Penn State,54,+15.15,16.77,115.78,90.95,77.3,74.5,46,7.2,70.2,.410,.537,13.3,.352,.560,18.9,2020-12-30 07:16:54
Pepperdine,Pepperdine,Pepperdine,144,+2.08,-1.50,102.68,103.22,77.9,73.6,105,3.2,71.0,.387,.574,16.8,.350,.507,15.5,2020-12-30 07:16:54
Pittsburgh,Pittsburgh,Pittsburgh,77,+10.37,8.29,101.95,89.42,72.0,64.6,67,5.6,71.7,.344,.513,17.0,.388,.479,18.4,2020-12-30 07:16:54
Portland,Portland,Portland,267,-8.75,-10.64,87.02,100.58,74.1,74.8,314,-6.9,75.2,.325,.536,18.4,.424,.535,19.5,2020-12-30 07:16:54
Portland St.,Portland State,Portland State,311,-12.16,-11.02,92.59,104.11,70.5,72.7,279,-5.0,75.1,.403,.480,18.1,.324,.525,17.2,2020-12-30 07:16:54
Prairie View A&M,Prairie View,Prairie View A&M,313,-12.56,-11.28,100.02,115.66,64.0,77.0,269,-4.5,66.8,.362,.493,19.3,.409,.579,18.4,2020-12-30 07:16:54
Presbyterian,Presbyterian,Presbyterian,344,-19.69,-23.21,81.70,112.05,73.5,68.5,340,-9.9,73.9,.327,.507,18.3,.301,.549,20.7,2020-12-30 07:16:54
Providence,Providence,Providence,62,+12.62,7.16,109.43,99.02,76.2,73.2,50,7.0,68.0,.309,.533,13.1,.332,.544,16.7,2020-12-30 07:16:54
Purdue,Purdue,Purdue,34,+17.67,13.57,113.68,92.62,72.8,67.4,44,7.4,67.3,.406,.565,17.1,.485,.532,15.3,2020-12-30 07:16:54
Purdue Fort Wayne,Purdue-Fort Wayne,Purdue Fort Wayne,249,-7.24,-13.87,95.95,114.93,76.6,79.8,232,-3.0,71.5,.438,.626,24.8,.395,.563,17.1,2020-12-30 07:16:54
Quinnipiac,Quinnipiac,Quinnipiac,268,-8.81,-3.95,89.58,94.97,63.5,65.0,284,-5.2,70.2,.356,.513,20.8,.292,.463,14.9,2020-12-30 07:16:54
Radford,Radford,Radford,295,-10.75,-6.28,88.90,97.00,62.8,61.5,310,-6.8,65.5,.367,.508,19.7,.415,.503,17.5,2020-12-30 07:16:54
Rhode Island,Rhode Island,Rhode Island,79,+10.15,9.02,103.75,89.77,72.6,71.6,77,5.1,72.5,.321,.545,16.3,.371,.507,15.7,2020-12-30 07:16:54
Rice,Rice,Rice,256,-7.85,-7.63,94.62,103.49,80.5,68.8,249,-3.5,76.3,.478,.546,16.2,.354,.497,18.7,2020-12-30 07:16:54
Richmond,Richmond,Richmond,57,+13.70,8.24,111.21,98.51,76.0,71.4,36,8.0,71.5,.356,.574,15.2,.376,.540,18.8,2020-12-30 07:16:54
Rider,Rider,Rider,305,-11.68,-15.20,91.16,112.98,68.0,77.6,282,-5.1,69.3,.289,.511,17.1,.416,.586,15.7,2020-12-30 07:16:54
Robert Morris,Robert Morris,Robert Morris,240,-6.35,-10.44,102.60,116.71,79.0,80.4,209,-2.1,73.8,.321,.559,17.5,.342,.590,19.2,2020-12-30 07:16:54
Rutgers,Rutgers,Rutgers,18,+20.30,18.00,114.88,89.40,80.6,70.9,33,8.3,71.6,.313,.574,13.5,.362,.505,15.0,2020-12-30 07:16:54
SIU Edwardsville,SIU Edwardsville,SIU Edwardsville,320,-13.50,-9.05,92.49,103.10,68.0,70.1,299,-6.2,72.5,.355,.551,21.7,.399,.513,19.0,2020-12-30 07:16:54
SMU,Southern Methodist,SMU,49,+16.14,17.05,112.63,89.70,85.2,63.0,42,7.7,74.0,.369,.585,16.7,.410,.480,20.8,2020-12-30 07:16:54
Sacramento St.,Sacramento State,Sacramento State,209,-4.39,6.48,111.14,98.76,83.7,56.3,222,-2.6,68.2,.335,.602,14.7,.364,.496,22.3,2020-12-30 07:16:54
Sacred Heart,Sacred Heart,Sacred Heart,332,-14.79,-14.53,92.18,114.31,67.4,78.4,298,-6.2,70.0,.432,.471,16.4,.295,.527,13.3,2020-12-30 07:16:54
Saint Joseph's,Saint Joseph's,Saint Joseph's,167,-0.89,-2.57,106.09,106.32,74.8,92.2,270,-4.6,76.5,.492,.514,16.7,.376,.597,15.0,2020-12-30 07:16:54
Saint Louis,Saint Louis,Saint Louis,28,+18.21,20.45,118.49,89.16,83.9,64.5,35,8.1,71.5,.283,.594,15.3,.373,.519,21.6,2020-12-30 07:16:54
Saint Mary's,Saint Mary's (CA),Saint Mary's,68,+11.59,8.71,109.07,94.20,70.0,62.0,94,4.1,66.6,.403,.539,14.4,.288,.492,15.2,2020-12-30 07:16:54
Saint Peter's,Saint Peter's,Saint Peter's,154,+0.56,2.68,94.94,90.33,69.2,67.3,216,-2.4,71.8,.345,.513,18.5,.352,.494,19.4,2020-12-30 07:16:54
Sam Houston St.,Sam Houston State,Sam Houston State,270,-8.97,-5.97,94.61,99.94,81.5,71.7,251,-3.8,78.4,.372,.541,17.0,.435,.524,22.8,2020-12-30 07:16:54
Samford,Samford,Samford,274,-9.18,-2.70,100.58,104.47,87.7,77.0,225,-2.7,79.8,.411,.579,17.3,.508,.520,17.0,2020-12-30 07:16:54
San Diego,San Diego,San Diego,190,-2.81,-16.72,87.67,109.12,62.8,77.0,173,-0.8,71.1,.329,.479,17.1,.282,.554,15.0,2020-12-30 07:16:54
San Diego St.,San Diego State,San Diego State,24,+18.96,17.50,111.60,84.43,73.4,58.0,24,9.4,67.6,.439,.560,15.0,.445,.480,21.1,2020-12-30 07:16:54
San Francisco,San Francisco,San Francisco,74,+10.90,6.16,104.18,94.54,76.1,68.1,93,4.2,70.9,.513,.559,15.3,.271,.505,16.1,2020-12-30 07:16:54
San Jose St.,San Jose State,San Jos√© State,302,-11.60,-31.36,78.91,116.80,66.6,88.4,327,-8.0,78.7,.362,.442,16.0,.317,.547,11.4,2020-12-30 07:16:54
Santa Clara,Santa Clara,Santa Clara,127,+3.59,-0.41,90.16,88.55,67.3,63.3,121,2.5,73.0,.314,.481,15.9,.373,.465,17.2,2020-12-30 07:16:54
Seattle,Seattle,Seattle U,283,-10.07,-13.26,90.64,106.86,68.9,64.1,235,-3.1,69.8,.424,.503,13.2,.341,.522,21.0,2020-12-30 07:16:54
Seton Hall,Seton Hall,Seton Hall,50,+15.61,13.20,110.75,91.75,76.7,70.9,32,8.4,69.9,.367,.562,16.0,.329,.513,16.1,2020-12-30 07:16:54
Siena,Siena,Siena,143,+2.09,,,,,,139,1.2,,,,,,,,2020-12-30 07:16:54
South Alabama,South Alabama,South Alabama,221,-5.27,-9.04,111.04,123.21,83.6,74.6,198,-1.6,70.5,.388,.603,14.5,.625,.567,20.9,2020-12-30 07:16:54
South Carolina,South Carolina,South Carolina,64,+12.36,8.61,104.08,90.57,66.0,71.0,69,5.5,71.5,.350,.516,22.6,.400,.557,19.7,2020-12-30 07:16:54
South Carolina St.,South Carolina State,South Carolina State,355,-28.03,-28.21,77.27,115.02,55.4,82.4,345,-14.8,72.2,.379,.431,20.8,.436,.608,19.1,2020-12-30 07:16:54
South Dakota,South Dakota,South Dakota,211,-4.81,-2.61,97.67,100.23,69.1,71.9,301,-6.3,70.6,.323,.512,14.0,.414,.535,15.3,2020-12-30 07:16:54
South Dakota St.,South Dakota State,South Dakota State,96,+7.73,3.27,109.46,103.53,75.1,73.8,107,3.1,71.5,.408,.571,16.0,.402,.529,12.7,2020-12-30 07:16:54
South Florida,South Florida,South Florida,100,+6.88,3.31,100.32,94.47,70.6,70.0,118,2.7,70.4,.287,.512,17.5,.428,.530,16.8,2020-12-30 07:16:54
Southeast Missouri St.,Southeast Missouri State,Southeast Missouri State,323,-13.82,-10.16,94.25,107.57,71.7,73.9,293,-5.9,67.6,.372,.538,18.2,.357,.570,15.3,2020-12-30 07:16:54
Southeastern Louisiana,Southeastern Louisiana,SE Louisiana,328,-14.18,-16.11,85.43,106.34,63.8,77.9,290,-5.7,71.8,.399,.458,19.5,.408,.584,19.6,2020-12-30 07:16:54
Southern,Southern,Southern,285,-10.22,-14.55,85.71,102.73,61.0,88.8,283,-5.2,75.1,.280,.425,19.4,.374,.603,13.8,2020-12-30 07:16:54
Southern Illinois,Southern Illinois,Southern Illinois,170,-1.11,-1.44,102.11,103.74,77.1,66.8,241,-3.2,68.7,.357,.603,14.7,.443,.525,18.3,2020-12-30 07:16:54
Southern Miss,Southern Mississippi,Southern Miss,290,-10.37,-17.50,77.07,100.00,63.4,59.6,252,-3.8,67.6,.382,.490,19.1,.414,.503,21.0,2020-12-30 07:16:54
Southern Utah,Southern Utah,Southern Utah,179,-1.62,2.47,112.15,108.01,84.6,67.4,146,0.8,74.7,.433,.570,15.3,.359,.511,18.8,2020-12-30 07:16:54
St. Bonaventure,St. Bonaventure,St. Bonaventure,71,+11.11,20.66,106.51,79.04,79.0,71.5,87,4.5,74.7,.227,.522,12.2,.512,.506,16.5,2020-12-30 07:16:54
St. Francis NY,St. Francis (NY),St. Francis (BKN),312,-12.39,-8.73,92.45,103.31,77.8,85.2,281,-5.1,78.8,.306,.503,15.5,.301,.578,17.3,2020-12-30 07:16:54
St. Francis PA,Saint Francis (PA),St. Francis (PA),262,-8.25,-6.27,97.40,107.12,63.0,75.8,267,-4.5,67.7,.348,.496,15.7,.424,.572,16.0,2020-12-30 07:16:54
St. John's,St. John's (NY),St. John's,92,+8.46,5.88,109.16,100.86,82.6,80.3,70,5.5,76.6,.301,.547,15.0,.396,.586,21.0,2020-12-30 07:16:54
Stanford,Stanford,Stanford,35,+17.63,13.26,103.48,84.95,72.7,64.6,59,6.2,72.6,.313,.549,19.5,.375,.474,19.9,2020-12-30 07:16:54
Stephen F. Austin,Stephen F. Austin,Stephen F. Austin,172,-1.28,-16.41,78.86,99.09,78.4,72.2,167,-0.5,77.4,.259,.581,22.7,.431,.582,24.9,2020-12-30 07:16:54
Stetson,Stetson,Stetson,244,-6.76,-15.11,92.09,112.49,66.0,70.8,307,-6.5,70.8,.438,.501,19.5,.321,.511,14.9,2020-12-30 07:16:54
Stony Brook,Stony Brook,Stony Brook,225,-5.63,-4.92,94.43,100.43,72.5,68.3,190,-1.3,71.6,.316,.529,18.3,.374,.515,19.1,2020-12-30 07:16:54
Syracuse,Syracuse,Syracuse,29,+18.16,17.39,107.55,84.87,83.7,67.9,13,10.7,75.4,.410,.564,15.5,.458,.488,20.4,2020-12-30 07:16:54
TCU,Texas Christian,TCU,61,+12.98,8.40,108.20,94.17,72.9,67.1,73,5.3,68.3,.398,.571,17.3,.339,.514,16.1,2020-12-30 07:16:54
Tarleton St.,Tarleton State,Tarleton,334,-15.23,-7.78,87.46,96.77,75.3,58.3,336,-9.3,77.4,.266,.549,21.2,.413,.458,27.0,2020-12-30 07:16:54
Temple,Temple,Temple,150,+1.31,-1.69,87.99,90.19,61.0,68.0,122,2.5,69.2,.340,.484,21.7,.352,.493,16.9,2020-12-30 07:16:54
Tennessee,Tennessee,Tennessee,8,+23.11,27.23,116.14,75.02,80.8,52.7,6,12.5,68.3,.298,.572,12.6,.437,.451,23.2,2020-12-30 07:16:54
Tennessee Martin,Tennessee-Martin,UT Martin,341,-17.19,-19.47,91.06,117.60,72.6,77.0,334,-9.0,70.1,.346,.517,16.0,.417,.554,18.5,2020-12-30 07:16:54
Tennessee St.,Tennessee State,Tennessee State,300,-11.11,-15.01,83.75,103.00,69.2,74.0,295,-6.0,75.6,.356,.487,18.6,.380,.530,19.2,2020-12-30 07:16:54
Tennessee Tech,Tennessee Tech,Tennessee Tech,331,-14.66,-15.58,87.72,108.56,59.4,79.8,321,-7.6,70.6,.388,.473,21.7,.373,.556,13.3,2020-12-30 07:16:54
Texas,Texas,Texas,9,+22.93,17.48,112.17,86.31,74.8,62.5,16,10.0,69.5,.420,.550,16.7,.272,.464,16.0,2020-12-30 07:16:54
Texas A&M,Texas A&M,Texas A&M,86,+9.38,2.93,102.18,96.48,69.1,63.0,98,3.8,67.6,.403,.560,21.0,.486,.526,22.4,2020-12-30 07:16:54
Texas A&M Corpus Chris,Texas A&M-Corpus Christi,Texas A&M-CC,309,-12.14,-13.85,86.90,104.08,62.8,64.9,319,-7.3,70.7,.372,.510,22.4,.312,.484,17.8,2020-12-30 07:16:54
Texas Southern,Texas Southern,Texas Southern,222,-5.37,-4.31,100.87,105.65,71.4,74.9,181,-1.0,74.0,.239,.507,17.6,.471,.525,15.6,2020-12-30 07:16:54
Texas St.,Texas State,Texas State,169,-1.01,-8.96,91.62,102.90,66.4,63.1,239,-3.2,67.8,.252,.520,17.3,.398,.529,21.6,2020-12-30 07:16:54
Texas Tech,Texas Tech,Texas Tech,11,+22.37,18.18,106.89,79.93,73.2,53.7,5,12.5,68.2,.314,.527,13.9,.367,.459,25.2,2020-12-30 07:16:54
The Citadel,Citadel,The Citadel,315,-12.99,-8.15,103.23,114.15,92.9,67.3,215,-2.3,76.8,.504,.609,14.3,.271,.465,17.4,2020-12-30 07:16:54
Toledo,Toledo,Toledo,90,+8.61,6.17,106.34,97.03,75.3,67.2,104,3.2,68.6,.449,.543,15.1,.374,.506,16.3,2020-12-30 07:16:54
Towson,Towson,Towson,223,-5.52,-10.51,95.59,111.05,66.0,77.0,180,-1.0,69.7,.274,.483,16.4,.461,.536,12.2,2020-12-30 07:16:54
Troy,Troy,Troy,294,-10.72,-13.32,83.77,103.23,60.9,64.2,278,-5.0,70.4,.361,.453,18.0,.378,.503,18.6,2020-12-30 07:16:54
Tulane,Tulane,Tulane,203,-3.83,-5.16,95.97,101.13,66.9,61.4,187,-1.2,68.2,.463,.510,15.8,.366,.495,20.3,2020-12-30 07:16:54
Tulsa,Tulsa,Tulsa,84,+9.71,10.15,103.22,87.17,71.5,60.6,95,3.9,69.8,.393,.541,17.3,.435,.459,19.5,2020-12-30 07:16:54
UAB,Alabama-Birmingham,UAB,97,+7.56,11.44,103.42,88.11,80.1,56.5,79,5.1,73.6,.278,.555,13.7,.368,.423,21.2,2020-12-30 07:16:54
UC Davis,UC-Davis,UC Davis,194,-2.94,-6.52,101.46,108.79,80.3,72.5,188,-1.2,76.0,.347,.600,17.3,.373,.524,20.6,2020-12-30 07:16:54
UC Irvine,UC-Irvine,UC Irvine,126,+3.63,1.41,98.20,93.96,78.4,65.8,131,1.9,72.1,.243,.556,16.9,.409,.497,17.4,2020-12-30 07:16:54
UC Riverside,UC-Riverside,UC Riverside,157,+0.15,3.57,97.25,90.42,68.5,55.3,157,0.1,66.5,.448,.565,19.3,.318,.439,15.7,2020-12-30 07:16:54
UC San Diego,UC-San Diego,UC San Diego,191,-2.84,,,,76.0,45.0,337,-9.3,74.4,.582,.554,13.8,.228,.367,26.9,2020-12-30 07:16:54
UC Santa Barbara,UC-Santa Barbara,UC Santa Barbara,129,+3.50,0.38,103.83,101.77,80.0,65.3,136,1.4,70.2,.388,.589,13.1,.316,.503,18.3,2020-12-30 07:16:54
UCF,Central Florida,UCF,93,+8.19,12.40,107.01,89.67,67.2,68.4,115,2.8,68.9,.343,.521,17.0,.450,.518,18.5,2020-12-30 07:16:54
UCLA,UCLA,UCLA,30,+18.15,11.19,111.39,94.43,77.3,67.4,38,7.8,66.4,.329,.556,13.2,.430,.513,16.5,2020-12-30 07:16:54
UMBC,Maryland-Baltimore County,UMBC,201,-3.74,-2.88,95.40,98.26,72.1,65.8,151,0.4,71.9,.364,.553,18.4,.397,.484,17.5,2020-12-30 07:16:54
UMKC,Missouri-Kansas City,UM Kansas City,277,-9.32,-5.79,94.72,104.42,80.4,62.1,161,-0.1,70.6,.292,.611,16.8,.450,.513,22.7,2020-12-30 07:16:54
UMass Lowell,Massachusetts-Lowell,UMass Lowell,232,-5.99,-8.14,93.44,104.09,64.9,73.1,213,-2.3,70.7,.385,.525,21.0,.387,.529,14.3,2020-12-30 07:16:54
UNC Asheville,North Carolina-Asheville,UNC Asheville,215,-4.88,-5.02,95.73,102.32,75.6,74.7,197,-1.6,72.4,.402,.555,20.2,.323,.533,17.1,2020-12-30 07:16:54
UNC Greensboro,North Carolina-Greensboro,UNC Greensboro,112,+5.70,-0.32,93.87,92.84,72.3,68.1,90,4.3,74.6,.409,.480,16.6,.325,.517,19.1,2020-12-30 07:16:54
UNC Wilmington,North Carolina-Wilmington,UNC Wilmington,188,-2.57,-3.56,103.28,105.50,80.2,71.3,186,-1.1,72.1,.378,.571,15.9,.279,.524,18.2,2020-12-30 07:16:54
UNLV,Nevada-Las Vegas,UNLV,138,+2.45,-3.84,100.71,104.14,68.8,78.0,140,1.2,70.5,.524,.530,17.5,.443,.583,16.3,2020-12-30 07:16:54
USC,Southern California,USC,26,+18.35,23.07,117.48,86.37,80.8,63.7,49,7.0,70.5,.289,.560,14.9,.370,.442,15.8,2020-12-30 07:16:54
USC Upstate,South Carolina Upstate,South Carolina Upstate,304,-11.68,-8.78,100.14,110.66,69.1,85.9,338,-9.4,74.6,.393,.523,19.8,.393,.596,17.2,2020-12-30 07:16:54
UT Arlington,Texas-Arlington,UT Arlington,161,-0.25,-0.28,98.44,97.76,82.5,67.5,182,-1.0,76.9,.391,.537,14.6,.420,.479,19.4,2020-12-30 07:16:54
UT Rio Grande Valley,Texas-Rio Grande Valley,UT Rio Grande Valley,231,-5.98,-9.70,89.31,100.25,72.5,68.4,256,-3.9,75.2,.361,.482,15.8,.321,.488,20.2,2020-12-30 07:16:54
UTEP,Texas-El Paso,UTEP,158,+0.05,8.33,99.79,87.42,76.8,68.3,141,1.1,74.7,.349,.536,14.3,.332,.496,16.4,2020-12-30 07:16:54
UTSA,Texas-San Antonio,UTSA,174,-1.32,-16.92,91.59,112.35,81.3,75.4,263,-4.2,77.7,.365,.519,15.3,.408,.513,17.2,2020-12-30 07:16:54
Utah,Utah,Utah,60,+13.07,7.92,105.52,93.71,73.8,62.2,58,6.3,70.3,.327,.524,13.5,.390,.489,22.4,2020-12-30 07:16:54
Utah St.,Utah State,Utah State,82,+9.92,1.78,98.60,95.78,77.4,66.8,103,3.3,73.2,.287,.527,15.1,.450,.504,17.7,2020-12-30 07:16:54
Utah Valley,Utah Valley,Utah Valley,282,-9.77,-6.08,97.86,104.51,77.5,79.5,326,-8.0,75.0,.281,.554,16.7,.359,.573,16.5,2020-12-30 07:16:54
VCU,Virginia Commonwealth,VCU,58,+13.61,14.89,106.24,84.92,77.4,64.7,88,4.4,73.8,.375,.581,18.4,.356,.486,21.6,2020-12-30 07:16:54
VMI,VMI,VMI,243,-6.75,-2.41,99.31,102.63,80.4,71.2,266,-4.5,73.7,.482,.595,18.1,.429,.499,15.1,2020-12-30 07:16:54
Valparaiso,Valparaiso,Valparaiso,164,-0.74,-4.51,92.48,98.05,71.5,67.5,230,-2.9,73.5,.419,.537,17.6,.385,.497,19.9,2020-12-30 07:16:54
Vanderbilt,Vanderbilt,Vanderbilt,136,+2.79,-0.83,97.90,96.66,73.2,64.0,112,2.9,68.8,.494,.548,17.2,.392,.494,18.1,2020-12-30 07:16:54
Vermont,Vermont,Vermont,108,+6.34,-5.24,91.94,99.03,74.8,71.3,100,3.4,68.6,.378,.551,16.1,.380,.547,18.2,2020-12-30 07:16:54
Villanova,Villanova,Villanova,3,+26.84,18.56,122.19,93.10,80.1,67.1,2,14.4,66.2,.458,.588,10.4,.419,.544,17.2,2020-12-30 07:16:54
Virginia,Virginia,Virginia,20,+20.12,14.84,119.04,92.74,74.5,61.3,7,12.0,61.6,.406,.605,13.4,.418,.509,15.0,2020-12-30 07:16:54
Virginia Tech,Virginia Tech,Virginia Tech,39,+16.95,14.31,114.06,93.16,75.6,64.2,39,7.8,67.5,.431,.566,16.0,.384,.511,16.9,2020-12-30 07:16:54
Wagner,Wagner,Wagner,271,-9.03,-5.80,89.07,96.35,68.2,73.0,271,-4.6,67.5,.339,.471,15.4,.442,.560,16.8,2020-12-30 07:16:54
Wake Forest,Wake Forest,Wake Forest,123,+4.13,16.21,106.71,86.80,91.0,55.5,75,5.2,74.3,.443,.647,16.1,.406,.485,30.0,2020-12-30 07:16:54
Washington,Washington,Washington,113,+5.23,0.64,95.36,93.74,61.0,70.3,126,2.2,69.3,.335,.469,17.4,.342,.498,15.1,2020-12-30 07:16:54
Washington St.,Washington State,Washington State,132,+3.25,3.59,90.59,84.07,68.8,57.6,159,0.0,71.0,.397,.510,17.7,.378,.422,17.0,2020-12-30 07:16:54
Weber St.,Weber State,Weber State,247,-7.03,4.27,102.94,96.38,79.5,71.7,172,-0.7,76.3,.390,.577,17.9,.383,.502,18.6,2020-12-30 07:16:54
West Virginia,West Virginia,West Virginia,12,+21.85,15.39,110.44,88.15,74.6,67.5,22,9.6,70.7,.278,.502,13.3,.385,.501,17.9,2020-12-30 07:16:54
Western Carolina,Western Carolina,Western Carolina,193,-2.91,-5.03,99.94,106.37,84.0,77.9,147,0.6,73.7,.422,.582,17.1,.389,.528,15.8,2020-12-30 07:16:54
Western Illinois,Western Illinois,Western Illinois,338,-15.73,-12.13,88.77,102.77,72.7,78.0,305,-6.4,75.0,.379,.480,16.0,.340,.553,15.7,2020-12-30 07:16:54
Western Kentucky,Western Kentucky,Western Kentucky,83,+9.82,4.57,107.67,100.27,77.4,73.1,66,5.6,72.5,.303,.541,15.3,.390,.554,18.0,2020-12-30 07:16:54
Western Michigan,Western Michigan,Western Michigan,254,-7.56,-7.78,93.52,103.63,64.1,66.0,228,-2.7,67.7,.325,.519,18.8,.361,.499,14.6,2020-12-30 07:16:54
Wichita St.,Wichita State,Wichita State,95,+8.13,10.02,109.56,94.57,72.5,69.7,130,1.9,69.5,.385,.478,12.2,.440,.501,16.4,2020-12-30 07:16:54
William & Mary,William & Mary,William & Mary,298,-10.92,-13.86,89.56,111.09,65.4,75.0,325,-7.9,66.3,.376,.516,19.1,.293,.564,16.1,2020-12-30 07:16:54
Winthrop,Winthrop,Winthrop,98,+7.33,14.91,110.00,90.70,88.8,73.4,91,4.2,78.2,.376,.585,14.8,.458,.534,21.7,2020-12-30 07:16:54
Wisconsin,Wisconsin,Wisconsin,5,+25.03,19.35,115.55,85.85,76.7,60.6,11,11.4,67.2,.387,.580,11.0,.319,.485,16.7,2020-12-30 07:16:54
Wofford,Wofford,Wofford,131,+3.25,2.54,99.60,95.53,77.9,61.9,120,2.6,68.4,.523,.576,16.3,.387,.487,17.9,2020-12-30 07:16:54
Wright St.,Wright State,Wright State,94,+8.16,8.67,102.27,90.12,79.3,66.6,116,2.7,74.0,.297,.573,16.8,.327,.462,14.7,2020-12-30 07:16:54
Wyoming,Wyoming,Wyoming,173,-1.30,-2.58,105.23,107.96,85.6,74.3,291,-5.7,72.7,.439,.588,12.4,.273,.518,16.8,2020-12-30 07:16:54
Xavier,Xavier,Xavier,45,+16.30,16.96,114.74,90.08,81.6,68.4,30,8.8,71.1,.391,.591,14.6,.354,.475,14.3,2020-12-30 07:16:54
Youngstown St.,Youngstown State,Youngstown State,204,-3.96,-11.77,102.11,118.43,72.6,70.0,233,-3.0,66.7,.386,.497,12.5,.423,.576,20.4,2020-12-30 07:16:54
