teamID,kp,kp_rank,bpi,bpi_rank,srs,srs_rank,sos,oeff,deff,ppg,papg,pace,three_par,ts,tur_perc,opp_three_par,opp_ts,opp_tur_perc,date
1,6.72,102,3.5,108,7.25,88,-5,96.77,86.69,75.2,58.1,73.2,0.373,0.53,16.4,0.337,0.482,27.3,"2021-01-30 08:21:04"
2,-13.39,320,-11.1,337,-12.41,302,1.65,94.06,112.77,59,73.1,64.5,0.433,0.559,22.8,0.434,0.583,17.3,"2021-01-30 08:21:04"
3,4.96,120,2.6,123,3.12,121,-3.08,104.18,99.58,79.5,69.5,70.3,0.498,0.578,15.7,0.347,0.502,14.5,"2021-01-30 08:21:04"
4,24.76,9,12,14,20.98,8,9.87,114.44,85.89,81.1,69.9,75.1,0.474,0.552,15.6,0.346,0.491,18.3,"2021-01-30 08:21:04"
5,-15.64,330,-5.9,282,-6.23,231,-11.73,90.97,99.73,77.3,71.8,73.7,0.424,0.547,19.6,0.314,0.457,14.9,"2021-01-30 08:21:04"
6,-24.04,352,-12.4,339,-24.55,344,-18.98,75.04,107.96,60,65.6,68.7,0.332,0.458,19.3,0.355,0.514,19.1,"2021-01-30 08:21:04"
7,-5.55,220,0.3,152,-1.61,167,-2.71,99.25,101.63,69.5,68.4,69.9,0.355,0.543,16.2,0.367,0.541,19.5,"2021-01-30 08:21:04"
8,-17.42,339,-8.6,321,-19.59,337,-4.48,91.38,116.25,65.4,80.6,70,0.352,0.496,18.4,0.397,0.592,17,"2021-01-30 08:21:04"
9,-7.6,247,-3.4,229,-2.31,175,0.2,95.05,98.94,74.3,76.8,66.9,0.405,0.562,21.4,0.256,0.523,17.2,"2021-01-30 08:21:04"
10,-2.56,183,0.1,156,-3.7,195,-3.99,101.11,107.36,72.8,62.5,67.5,0.419,0.547,15.5,0.389,0.508,19.1,"2021-01-30 08:21:04"
11,17.78,36,8.9,43,13.71,44,3.28,113.3,93.83,79.3,68.8,70.6,0.311,0.557,15,0.366,0.518,17.1,"2021-01-30 08:21:04"
12,10.36,81,4.9,88,5.43,100,7.2,104.78,96.62,75.3,77.1,73.5,0.39,0.534,13.5,0.373,0.563,19.2,"2021-01-30 08:21:04"
13,18.19,34,10.5,25,16.76,22,2.53,113.6,90.9,84.4,70.1,75.6,0.376,0.552,14.4,0.373,0.505,17.6,"2021-01-30 08:21:04"
14,-25.54,353,-14.8,344,-24.22,343,-2.42,85.51,119,60.5,82.3,70.4,0.307,0.474,20.1,0.342,0.596,14.2,"2021-01-30 08:21:04"
15,-9.48,274,-6.4,289,-11.87,295,-6.78,94.56,110.54,75,70.6,71.2,0.285,0.54,16.7,0.336,0.512,15.9,"2021-01-30 08:21:04"
16,-1.7,177,0.4,151,5.89,95,4.22,101.09,93.48,74,67.8,70.7,0.429,0.551,15.8,0.402,0.519,18.5,"2021-01-30 08:21:04"
17,14.77,56,6,74,11.58,55,7.11,110.25,93.97,78.8,74.3,74.5,0.466,0.561,19.2,0.359,0.516,16.9,"2021-01-30 08:21:04"
18,-4.93,212,-2.5,214,-7.63,249,-4.8,102.02,112.94,73.6,70.5,70.1,0.345,0.539,17.8,0.373,0.573,21.4,"2021-01-30 08:21:04"
19,15.57,47,9.5,33,12.61,49,5.36,107.87,89.89,76.7,67,71.6,0.399,0.564,16.6,0.34,0.488,15,"2021-01-30 08:21:04"
20,1.85,145,-0.1,159,-1.46,165,-1.77,100.35,102.27,73.2,72.8,71.1,0.389,0.543,16.7,0.357,0.517,16.2,"2021-01-30 08:21:04"
21,34.61,2,19.7,1,27.41,1,1.74,123.01,85.03,87.5,61.8,71.4,0.384,0.61,15,0.337,0.492,23.2,"2021-01-30 08:21:04"
22,-4.1,203,-3.7,235,-2.41,177,-5.22,107.11,110.12,74.4,64.2,64.9,0.315,0.595,14.9,0.494,0.555,20.1,"2021-01-30 08:21:04"
23,7.87,92,4.5,94,3.95,117,-10.58,109.49,104.3,83.1,68.7,72.4,0.429,0.611,15.1,0.386,0.511,18.6,"2021-01-30 08:21:04"
24,-186.83,3134,NULL,NULL,NULL,NULL,NULL,NULL,NULL,NULL,NULL,NULL,NULL,NULL,NULL,NULL,NULL,NULL,"2021-01-30 08:21:04"
25,-20.21,347,-9.2,326,-15.44,327,-3.98,95,117.86,64.6,76.1,66.2,0.46,0.503,17.7,0.341,0.582,14.3,"2021-01-30 08:21:04"
26,14.33,58,9,38,11.78,53,-3.62,109.76,93.46,79.9,63.1,71.1,0.364,0.567,13.5,0.36,0.505,20,"2021-01-30 08:21:04"
27,7.38,95,3.2,112,5.13,104,10.59,107.56,99.63,72.7,78.2,71.9,0.464,0.539,17.2,0.352,0.568,16.5,"2021-01-30 08:21:04"
28,-8.45,260,-3.7,236,-1.81,171,6.81,98.63,102.57,67.8,76.4,69,0.412,0.501,16.6,0.351,0.552,11.9,"2021-01-30 08:21:04"
29,3.3,134,1.7,138,2.05,134,-1.35,105.7,102.92,80.4,75.9,73.1,0.368,0.535,12.7,0.376,0.539,16.7,"2021-01-30 08:21:04"
30,4.67,122,3.9,101,2.75,126,0.82,99.95,95.3,72.4,64.5,67.9,0.345,0.535,16.2,0.441,0.488,15.9,"2021-01-30 08:21:04"
31,-5.95,227,NULL,NULL,0,348,0,0,0,0,0,0,0,0,0,0,0,0,"2021-01-30 08:21:04"
32,-1.75,178,-0.2,160,4.18,115,-3.74,104.01,99.34,89.2,77.6,80.3,0.399,0.595,17.2,0.365,0.489,15.4,"2021-01-30 08:21:04"
33,-8.7,264,-2.8,222,-5.12,217,-0.95,91.79,98.99,69.5,73.7,71.8,0.416,0.535,17.2,0.303,0.514,13.8,"2021-01-30 08:21:04"
34,6.07,112,NULL,116,4.97,106,-0.23,105.01,98.25,82.4,76.1,151.6,0.324,0.536,15.4,0.309,0.507,14.9,"2021-01-29 15:52:32"
35,8.67,87,3.8,102,5.54,98,9.7,102,95.01,62.9,67.1,65.1,0.376,0.503,15.5,0.379,0.551,16,"2021-01-30 08:21:04"
36,-8.66,263,-1.9,197,-5.35,221,-8.46,103.2,110.57,84.2,70.4,72.2,0.449,0.601,16.2,0.335,0.509,16.2,"2021-01-30 08:21:04"
37,-17.99,343,-9.4,329,-16.38,330,-1.38,86.02,108.99,60.7,70.4,69,0.372,0.479,17.7,0.32,0.526,15.7,"2021-01-30 08:21:04"
38,1.38,152,2.1,133,-1.28,161,-4.06,99.01,99.25,70.9,62.8,67.4,0.258,0.515,16.3,0.419,0.515,19.9,"2021-01-30 08:21:04"
39,-10.35,287,-4.5,257,-6.17,230,-4.51,98.28,105.91,76.9,76,72.3,0.348,0.569,16,0.374,0.55,17.1,"2021-01-30 08:21:04"
40,-12.15,304,-5.5,277,-11.88,296,-2.61,98.57,114.72,72.8,79.8,72.2,0.389,0.523,15.2,0.387,0.587,15.4,"2021-01-30 08:21:04"
41,2.57,138,1.1,141,1.5,138,5.15,103.58,101.32,67.8,69.8,67.6,0.414,0.544,17.4,0.346,0.553,16.3,"2021-01-30 08:21:04"
42,-9.59,278,-4,247,-9.39,270,-6.14,95.81,108.69,71.9,71.3,68.1,0.365,0.584,17.5,0.377,0.552,19.5,"2021-01-30 08:21:04"
43,-6.7,237,-2.1,199,-8.07,256,-3.74,95.67,106.01,66.8,71.2,71.1,0.45,0.496,17,0.345,0.552,19.2,"2021-01-30 08:21:04"
44,-11.5,299,-5,268,-12.44,304,2.06,93.8,108.98,70.5,79.8,75.5,0.313,0.535,22.2,0.402,0.538,14.2,"2021-01-30 08:21:04"
45,-16.57,335,-8,314,-11.49,292,-1.99,93.56,108.92,69,78.5,72.7,0.368,0.516,17.2,0.397,0.568,17.1,"2021-01-30 08:21:04"
46,-7.91,254,-4.7,264,-10.38,281,-3.96,96.19,109.79,78.9,77.7,75.8,0.294,0.528,15.5,0.393,0.537,16.9,"2021-01-30 08:21:04"
47,-5.38,217,-1.5,186,-5.19,219,-1.19,101.48,108.97,69.1,69.7,66,0.384,0.54,14.2,0.41,0.562,16.5,"2021-01-30 08:21:04"
48,-17.79,340,-9.7,330,-17.38,333,-4.09,84.74,108.54,64.5,74.6,70.7,0.414,0.508,21.1,0.385,0.55,16.8,"2021-01-30 08:21:04"
49,-0.56,165,-0.8,171,-0.54,156,-1.9,96.86,96.62,64.6,63.5,64.7,0.359,0.545,19.4,0.399,0.518,18.5,"2021-01-30 08:21:04"
50,-2.73,185,-0.7,169,-1.88,172,-3.01,101.04,103.56,74.8,70.6,70.7,0.377,0.557,14.7,0.341,0.542,17.4,"2021-01-30 08:21:04"
51,-28.93,356,-18.7,346,-31.04,346,2.19,78.92,120.84,55.4,88.7,71.2,0.408,0.448,20.1,0.367,0.619,13.9,"2021-01-30 08:21:04"
52,9.61,85,3.7,106,5.96,94,8.56,103.21,94.27,69.7,72.3,72.6,0.36,0.511,18,0.306,0.545,16.9,"2021-01-30 08:21:04"
53,15.57,48,8.2,52,13.22,46,10.43,105.1,86.35,65.2,62.4,66.1,0.442,0.518,17,0.404,0.518,20.8,"2021-01-30 08:21:04"
54,-1.03,170,-2.3,205,-4.69,208,-3.32,93.65,98.8,67.3,68.7,67.8,0.358,0.513,17.4,0.419,0.515,17.9,"2021-01-30 08:21:04"
55,1.28,153,2.3,129,1.69,136,-5.67,104.84,102.83,85.6,67.7,72.7,0.383,0.594,16.9,0.426,0.497,18,"2021-01-30 08:21:04"
56,6.63,105,6.7,65,23.83,6,0.16,123.09,91.01,90,66.3,73.1,0.394,0.625,11.7,0.387,0.472,15.3,"2021-01-30 08:21:04"
57,21.98,17,12.6,12,17.36,18,4.95,115.19,90.17,75.5,63.1,67.6,0.362,0.567,14,0.348,0.506,18.3,"2021-01-30 08:21:04"
58,12.74,67,6.5,69,10.08,66,1.08,107.8,93.47,75.8,66.6,70.9,0.451,0.597,17.9,0.43,0.498,17.3,"2021-01-30 08:21:04"
59,-9.5,275,NULL,NULL,0,349,0,0,0,0,0,0,0,0,0,0,0,0,"2021-01-30 08:21:04"
60,18.86,26,10.3,27,15.19,34,6.91,110.69,88.93,71.3,63,66.2,0.34,0.522,15.6,0.338,0.504,18.3,"2021-01-30 08:21:04"
61,-13.84,324,-7,302,-12.39,301,-3.52,86.61,102.58,70.8,79.7,79.1,0.509,0.501,18.1,0.405,0.529,18.5,"2021-01-30 08:21:04"
62,-3.44,195,NULL,NULL,0,350,0,0,0,0,0,0,0,0,0,0,0,0,"2021-01-30 08:21:04"
63,22.61,15,13.1,11,18.38,16,7.38,116.58,91.5,80.9,69.9,70.6,0.448,0.587,13.6,0.367,0.494,15.4,"2021-01-30 08:21:04"
64,-8.95,267,NULL,NULL,0,351,0,0,0,0,0,0,0,0,0,0,0,0,"2021-01-30 08:21:04"
65,13.46,64,8.9,41,9.85,68,1.99,113.83,98.8,72.7,64.8,64.5,0.465,0.579,15.4,0.42,0.527,13.8,"2021-01-30 08:21:04"
66,10.3,82,5,85,5.4,101,2.78,105.16,97.32,68.2,65.5,65.2,0.409,0.589,20.2,0.339,0.501,16.4,"2021-01-30 08:21:04"
67,6.68,104,3.2,113,4.2,114,6.75,99.11,93.55,69.9,72.4,72,0.308,0.505,19.3,0.379,0.519,18.1,"2021-01-30 08:21:04"
68,-6.66,236,-4.7,262,-5.8,226,-3.8,93.86,102.17,66.4,68,67.9,0.398,0.539,19.3,0.345,0.521,15.2,"2021-01-30 08:21:04"
69,-22.82,351,-12.5,341,-22.72,342,-4.02,88.37,116.49,70.8,89.5,77.3,0.434,0.496,19.4,0.389,0.588,15.8,"2021-01-30 08:21:04"
70,-17.83,341,-12.5,340,-18.49,336,-4.32,89.61,115.36,67.5,79.3,70.5,0.334,0.535,19,0.392,0.597,15.5,"2021-01-30 08:21:04"
71,-3.02,190,-1.5,187,-3.91,199,-2.07,103.41,107.76,74.7,76.5,69.5,0.424,0.554,15.4,0.419,0.569,16.3,"2021-01-30 08:21:04"
72,-16.72,336,-10.5,335,-18.41,335,-3.41,86.84,110.68,69.9,77.5,74.4,0.334,0.51,17.9,0.362,0.538,16.5,"2021-01-30 08:21:04"
73,14.98,53,8.6,45,15.84,30,-3.86,114.9,91.72,82.5,60.9,69.3,0.3,0.597,14.4,0.355,0.488,19.3,"2021-01-30 08:21:04"
74,0.8,157,1,145,0.04,153,-6.21,102.41,101.63,70.5,64.3,67,0.352,0.551,16.1,0.35,0.529,17.6,"2021-01-30 08:21:04"
75,17.61,37,8.3,49,10.19,65,8.19,109.48,94.08,73.7,71.7,71,0.383,0.534,16.6,0.336,0.553,17.8,"2021-01-30 08:21:04"
76,6.39,107,4.8,90,1.72,135,1.54,98.68,96.64,65.5,65.3,67.4,0.398,0.502,17.1,0.373,0.499,16.8,"2021-01-30 08:21:04"
77,1.66,148,0.6,147,0.96,145,1.14,96.34,94.39,67.8,65.5,69,0.329,0.507,16.6,0.428,0.519,19.4,"2021-01-30 08:21:04"
78,2.36,140,0,158,2.63,129,1.63,99.04,94.96,69.1,64.6,70.2,0.412,0.531,19.1,0.436,0.503,19,"2021-01-30 08:21:04"
79,-10.94,296,-3.8,239,-10.93,286,-5.46,92.81,108.23,69.5,75,70.6,0.341,0.498,16.2,0.359,0.554,17.3,"2021-01-30 08:21:04"
80,-0.03,163,2.2,132,1.15,141,-8.09,97.98,97.56,84.2,70.5,77.7,0.415,0.536,14.6,0.359,0.51,23.5,"2021-01-30 08:21:04"
81,-8.73,265,-6.5,292,-15.06,324,1.6,92.5,112.79,71.7,75.8,73.5,0.396,0.509,16,0.432,0.574,20.1,"2021-01-30 08:21:04"
82,2.45,139,0.6,146,-0.36,155,-0.25,99.33,99.72,74.9,72.6,73.5,0.412,0.536,14,0.368,0.508,14.4,"2021-01-30 08:21:04"
83,-5.91,225,-3.2,227,-8.56,262,-3.16,93.61,105.42,66.3,65.8,68.9,0.427,0.527,17,0.374,0.535,17.3,"2021-01-30 08:21:04"
84,-9.54,276,-6.9,299,-8.56,263,-3.77,97.94,110.25,64.6,69.4,63.2,0.537,0.538,15.5,0.3,0.573,16.5,"2021-01-30 08:21:04"
85,-5.72,223,-3.4,230,-7.41,245,-4.63,99.77,109.48,77.4,74.5,73.7,0.508,0.546,17.2,0.327,0.54,20.1,"2021-01-30 08:21:04"
86,-15.67,332,-7.4,308,-14.78,322,-5.58,88.75,110.68,60.3,69.5,65.5,0.366,0.48,16.8,0.319,0.539,14.1,"2021-01-30 08:21:04"
87,-12.45,307,-4.9,266,-12.48,305,-4.15,96.5,113.73,72.3,80.6,72.2,0.326,0.526,17.4,0.354,0.575,16.5,"2021-01-30 08:21:04"
88,18.97,25,10.5,24,16.52,23,8.98,114.43,91.14,77.8,70.3,71.8,0.326,0.572,17.2,0.325,0.517,18.6,"2021-01-30 08:21:04"
89,-10.63,290,-7.6,310,-8.11,257,1.89,93.65,104.43,66.5,76.5,72.1,0.284,0.52,20.9,0.383,0.551,17.3,"2021-01-30 08:21:04"
90,-2.54,182,-0.4,164,-3.35,190,-4.72,99.79,105.58,80.7,66.1,70.3,0.405,0.567,15.6,0.379,0.518,19.1,"2021-01-30 08:21:04"
91,-9.38,272,-4.6,258,-8.57,264,-4.17,89.62,101.28,71.3,67.4,71.8,0.454,0.517,18.2,0.378,0.507,18.9,"2021-01-30 08:21:04"
92,22.89,14,11,20,20.67,10,9.09,119.1,89.65,79.3,67.7,69.5,0.375,0.58,16.8,0.409,0.512,17.7,"2021-01-30 08:21:04"
93,-9.36,270,-7.6,311,-11.46,290,4.65,83.94,101.34,51.2,67.3,63.8,0.429,0.437,18.1,0.476,0.554,17.5,"2021-01-30 08:21:04"
94,-2.88,187,-3.4,231,-7.9,253,-3.1,93.13,103.33,69,68.6,69.6,0.382,0.513,18.1,0.401,0.523,17.9,"2021-01-30 08:21:04"
95,8.55,88,4.5,93,8.01,83,-1.08,112.1,101.37,83.4,69.6,72.9,0.46,0.599,15.5,0.398,0.52,19.6,"2021-01-30 08:21:04"
96,-3.52,196,-1.1,179,-3.04,185,-3.17,101.76,105.1,72,71.9,69.7,0.44,0.538,15.3,0.415,0.537,15.7,"2021-01-30 08:21:04"
97,1.89,144,-0.9,173,0.43,147,0.5,96.3,95.87,70.6,70.6,69.6,0.37,0.51,17.2,0.365,0.521,17.4,"2021-01-30 08:21:04"
98,-4.53,210,-1.5,184,-3.77,196,-2.35,102.92,108.44,72.4,73.8,70.9,0.34,0.548,18.4,0.367,0.537,15.8,"2021-01-30 08:21:04"
99,6.11,109,2.4,126,5.52,99,7.79,101.98,94.64,71.5,73.7,72.1,0.406,0.518,18.6,0.392,0.504,12,"2021-01-30 08:21:04"
100,6.85,98,2.6,122,5.74,96,5.32,106.08,97.71,77.5,75.7,75.7,0.316,0.533,19.2,0.358,0.53,19.6,"2021-01-30 08:21:04"
101,-9.57,277,-4.3,253,-10.19,276,-4.69,89.52,104.6,74.1,68.1,68.9,0.399,0.541,17.4,0.411,0.536,20.7,"2021-01-30 08:21:04"
102,3.62,131,4.4,95,0.41,149,0.61,101.25,100.07,83.1,74.1,72,0.373,0.561,13.6,0.396,0.511,18,"2021-01-30 08:21:04"
103,14.29,59,7,62,12.05,51,6.21,114.29,96.22,77.8,72,68.9,0.389,0.57,14.3,0.361,0.551,19.3,"2021-01-30 08:21:04"
104,34.63,1,17.9,2,26.52,2,2.46,125.51,89.63,94.1,70.1,75.7,0.315,0.629,13.6,0.345,0.504,18.1,"2021-01-30 08:21:04"
105,-13.77,322,-7,301,-13.52,312,-6.94,86.89,105.21,62.9,68.3,71.1,0.287,0.496,20.4,0.37,0.497,16.8,"2021-01-30 08:21:04"
106,3.77,130,5.4,84,1.6,137,-8.5,104.27,100.76,79.9,61.9,69.9,0.35,0.596,16.5,0.446,0.479,16.5,"2021-01-30 08:21:04"
107,-7.35,245,-6.9,300,-8.49,258,-1.78,98.34,109.84,71.3,78,69.3,0.36,0.523,14.7,0.34,0.572,15.6,"2021-01-30 08:21:04"
108,-13.08,315,-6.6,293,-11.48,291,-8.15,90.19,106.13,70.9,74.3,72.8,0.363,0.51,15.6,0.39,0.53,16.3,"2021-01-30 08:21:04"
109,-5.73,224,-1.7,190,-4,201,-5.66,94.37,100.55,65.3,63.7,66.7,0.428,0.529,17.2,0.395,0.508,18.2,"2021-01-30 08:21:04"
110,0.44,160,NULL,NULL,0,352,0,0,0,0,0,0,0,0,0,0,0,0,"2021-01-30 08:21:04"
111,-4.48,209,-1.7,189,-1.44,164,-0.3,102.58,103.26,72.1,66.8,69.5,0.379,0.532,15.9,0.303,0.516,16.5,"2021-01-30 08:21:04"
112,-10.8,293,-5.3,274,-9.56,272,-7.14,93,106.43,67.1,69.6,67.7,0.311,0.527,17.9,0.448,0.546,17.7,"2021-01-30 08:21:04"
113,-1.08,172,0.2,154,-1.67,170,-1.93,100.57,102.43,70.8,70.5,69.1,0.387,0.527,16,0.379,0.525,15.8,"2021-01-30 08:21:04"
114,-17.3,338,-8.7,323,-3.58,194,5.29,99.8,105.35,71.3,80.1,72.3,0.316,0.524,17,0.343,0.563,15.1,"2021-01-30 08:21:04"
115,26.89,5,15.5,4,22.21,7,4.34,115.68,82.8,74.4,56.5,66.8,0.41,0.529,14.6,0.367,0.46,20.1,"2021-01-30 08:21:04"
116,-16.05,333,-8.4,318,-13.65,314,-2.08,93.41,110.95,72.5,81.1,74.2,0.419,0.55,21.1,0.382,0.563,16.4,"2021-01-30 08:21:04"
117,-12.79,311,-8.8,324,-14.13,318,-2.38,95.85,115.4,72.6,84.8,73.1,0.435,0.541,17.7,0.411,0.556,10.4,"2021-01-30 08:21:04"
118,-10.8,294,-6.7,294,-12.76,308,-3.96,92.28,109.01,66.2,75,71.9,0.393,0.494,17.4,0.336,0.569,18.4,"2021-01-30 08:21:04"
119,-22.2,350,-12.6,342,-20.15,340,-4.57,83.26,112.05,61.5,77.1,68.1,0.329,0.521,21.6,0.357,0.57,14.5,"2021-01-30 08:21:04"
120,-10.88,295,-3.9,242,-12.41,303,-7.41,88.74,105.97,68.1,62.7,66.3,0.397,0.56,20.7,0.31,0.494,16.4,"2021-01-30 08:21:04"
121,25.52,8,14,9,24.47,4,11.03,118.98,85.96,82.7,69.3,72.3,0.324,0.597,16.2,0.34,0.497,14.2,"2021-01-30 08:21:04"
122,-6.04,229,-3.8,238,-7.73,250,-7.37,90.41,100.44,70.7,71.1,71.1,0.43,0.526,17,0.263,0.493,12.3,"2021-01-30 08:21:04"
123,-7.43,246,-5.2,270,-7.52,246,-0.95,96.58,106.83,74.3,75.8,72.8,0.355,0.556,17,0.402,0.539,15,"2021-01-30 08:21:04"
124,-17.17,337,-9.2,327,-14.83,323,-7.93,90.45,109.61,71.1,71.7,69.6,0.368,0.56,18.8,0.332,0.53,16.6,"2021-01-30 08:21:04"
125,19.39,23,10.3,26,16.92,21,12.11,112.11,88.73,72.9,68.1,68.1,0.327,0.545,15,0.378,0.515,16.2,"2021-01-30 08:21:04"
126,2.27,141,-1,175,3.1,122,5.24,101.08,96.5,68.4,69.5,69.6,0.336,0.539,17.9,0.375,0.55,19.9,"2021-01-30 08:21:04"
127,-4.98,213,-0.5,166,-3.39,191,-7.14,96.62,101.05,70.9,67.1,69,0.395,0.535,17.8,0.351,0.531,18.4,"2021-01-30 08:21:04"
128,27.09,4,16,3,24.56,3,9,128.18,94.5,89.7,74.1,72.8,0.397,0.588,11.6,0.398,0.512,15.4,"2021-01-30 08:21:04"
129,6.09,110,2.8,118,0.29,150,8.09,99.27,98.17,67.6,75.4,71.1,0.381,0.539,19.8,0.334,0.55,17.6,"2021-01-30 08:21:04"
130,-11.18,297,-5.2,271,-15.39,326,-2.11,84.29,104.19,57.4,70.7,70.1,0.287,0.454,21.5,0.305,0.528,18.7,"2021-01-30 08:21:04"
131,-12.47,308,-6.3,286,-11.57,294,-8.3,90.65,106.36,68.7,68.6,70.9,0.393,0.524,18.3,0.401,0.516,19.5,"2021-01-30 08:21:04"
132,-4.39,208,-1.8,192,-4.31,205,-4.74,100.01,105.65,74,68.8,69,0.402,0.557,17.4,0.412,0.508,14.7,"2021-01-30 08:21:04"
133,-3.83,201,0.3,153,-1.05,159,-2.25,101.34,102.15,78.8,70.2,73.2,0.418,0.559,16,0.428,0.52,20.3,"2021-01-30 08:21:04"
134,21.68,18,10.8,21,16.46,25,11.53,112.94,89.18,74.3,67.5,70.2,0.364,0.541,16,0.384,0.51,17.1,"2021-01-30 08:21:04"
135,-1.6,175,-3,224,-1.98,173,8.9,100.86,103.64,63.1,74.1,67.2,0.408,0.509,20.1,0.41,0.59,17.3,"2021-01-30 08:21:04"
136,-21.34,349,-10.9,336,-15.25,325,-1.75,82.53,104.37,63.8,67.9,69.6,0.393,0.495,18.7,0.31,0.528,17,"2021-01-30 08:21:04"
137,6.76,99,3.3,110,8.33,79,1.88,110.29,98.78,82.3,72.3,72.4,0.389,0.563,15.8,0.416,0.518,16,"2021-01-30 08:21:04"
138,14.84,54,6.6,68,10.73,61,11.53,103.67,88.27,67.5,68.3,68.9,0.29,0.497,18.1,0.356,0.494,15,"2021-01-30 08:21:04"
139,-7.64,248,-2.6,217,-2.7,179,-7.08,94.22,98.7,73.5,69.1,74.2,0.386,0.512,17.4,0.375,0.518,20.7,"2021-01-30 08:21:04"
140,17.59,38,10.5,23,14.78,37,5.05,120.01,99.03,83.7,73.9,72.9,0.392,0.581,15,0.476,0.517,17,"2021-01-30 08:21:04"
141,-1.36,174,-2,198,-1.54,166,3.66,98.09,100.15,67.1,70.8,69.9,0.384,0.529,18.8,0.389,0.542,17.9,"2021-01-30 08:21:04"
142,-4.78,211,-1.2,180,1.13,142,-4,108.59,107.81,78.4,73.3,69.8,0.399,0.556,12.8,0.299,0.535,15.3,"2021-01-30 08:21:04"
143,-14.92,327,-8.4,319,-17.31,332,-4.02,86.48,109.26,63.6,76.9,72.1,0.27,0.476,18.1,0.384,0.564,17.5,"2021-01-30 08:21:04"
144,-12.89,312,-7.7,313,-6.71,233,-1.21,97.47,108.29,70.9,76.4,69.6,0.211,0.537,15.8,0.357,0.558,14.5,"2021-01-30 08:21:04"
145,6.4,106,4.8,91,4.9,106,-4.63,108,99.72,73.5,58.8,65.1,0.495,0.595,13.8,0.336,0.486,16.5,"2021-01-30 08:21:04"
146,-5.57,221,-3.9,243,-5.92,228,-3.18,100.03,107.97,71.4,69.6,67.9,0.373,0.561,15.9,0.429,0.523,15.3,"2021-01-30 08:21:04"
147,-0.81,168,-1.2,181,-3.42,192,-4.15,100.9,105.63,72.5,70.1,69.8,0.33,0.559,19.4,0.411,0.532,18.4,"2021-01-30 08:21:04"
148,-9.88,282,-5.5,279,-14.53,320,-2.28,96.44,114.65,74.8,87,75,0.336,0.543,19,0.409,0.564,15.3,"2021-01-30 08:21:04"
149,-8.22,257,-6,283,-7.14,241,-4.92,94.43,103.93,65.4,67.6,66.1,0.384,0.535,18.1,0.445,0.558,18.2,"2021-01-30 08:21:04"
150,-0.7,167,-3.9,241,-4.08,202,-5.65,93.69,98.58,74.3,71.3,73.5,0.33,0.522,18,0.305,0.497,15.3,"2021-01-30 08:21:04"
151,-12.25,306,-8.6,322,-12.69,307,-7.82,90.3,107.85,65.3,70.2,68.8,0.386,0.512,17,0.364,0.54,18.6,"2021-01-30 08:21:04"
152,7.12,97,4.3,96,2.26,133,-4.85,99.08,95.75,73.9,66.8,72.2,0.369,0.531,15.7,0.376,0.492,16.4,"2021-01-30 08:21:04"
153,16.92,39,8.3,50,13.04,48,8.54,112.22,92.96,69.1,64.6,66.3,0.318,0.546,16.2,0.435,0.505,15.7,"2021-01-30 08:21:04"
154,20.13,22,11.1,19,14.33,39,-1.32,112.36,89.91,75,57.3,66.5,0.402,0.608,16.3,0.327,0.488,20.2,"2021-01-30 08:21:04"
155,-7.79,251,-3.2,226,-2.34,176,-0.59,101.08,104.65,73.5,75.3,65.9,0.274,0.526,17.9,0.431,0.567,17.2,"2021-01-30 08:21:04"
156,5.26,117,3.7,105,4.23,113,0.73,100.74,93.48,69.1,65.6,69.6,0.369,0.537,20.7,0.329,0.516,16.8,"2021-01-30 08:21:04"
157,-17.88,342,-7.6,309,-13.31,311,-1.86,81.94,101.43,53.1,64.6,65.4,0.449,0.468,22.4,0.39,0.52,17.9,"2021-01-30 08:21:04"
158,-12.1,303,-4.2,252,-12.16,300,-9.86,84.38,101.07,61.7,64,66.9,0.417,0.463,18.4,0.315,0.514,20.6,"2021-01-30 08:21:04"
159,-9.38,273,-3.6,234,-10.19,277,-9.84,88.62,103.46,65.6,66,67,0.401,0.536,19.2,0.424,0.513,16.4,"2021-01-30 08:21:04"
160,12.42,68,5.9,76,9.77,69,7.71,108.15,94.79,71.7,69.6,68.3,0.375,0.547,17.6,0.39,0.505,13.2,"2021-01-30 08:21:04"
161,10.92,76,6.6,67,7.01,91,-0.84,104.13,94.5,79.3,71.5,74.1,0.401,0.553,14.9,0.369,0.514,18.6,"2021-01-30 08:21:04"
162,16.48,44,7.6,58,14.82,36,12.88,115.05,93.79,71.4,67.1,67.1,0.424,0.563,14.7,0.401,0.519,14.5,"2021-01-30 08:21:04"
163,-25.85,354,NULL,NULL,0,353,0,0,0,0,0,0,0,0,0,0,0,0,"2021-01-30 08:21:04"
164,6.21,108,3.3,111,7.04,90,1.15,107.33,97.72,80.2,74.3,73.7,0.427,0.536,13.9,0.315,0.549,19.3,"2021-01-30 08:21:04"
165,-18.55,345,-4.7,261,-22.05,341,-9.15,93.18,122.12,84.9,72.4,75.3,0.352,0.589,16.8,0.347,0.537,20,"2021-01-30 08:21:04"
166,14.58,57,7.5,60,10.03,67,1.49,100.41,86.86,71.4,62.9,72.5,0.348,0.515,18.3,0.384,0.479,19.3,"2021-01-30 08:21:04"
167,0.48,158,0.6,148,1.03,143,-1.05,106.54,105.35,80.5,74.3,72.8,0.394,0.587,16,0.352,0.527,14.6,"2021-01-30 08:21:04"
168,-12.05,302,-4,245,-9.1,267,-6.73,93.14,105.79,67.8,70.1,68.9,0.393,0.522,16.3,0.366,0.534,18.7,"2021-01-30 08:21:04"
169,5.98,112,2.9,117,3.85,119,6.78,101.01,95.7,66.3,69.2,69.4,0.351,0.508,17.6,0.417,0.527,16.8,"2021-01-30 08:21:04"
170,-0.1,164,-2.4,209,-1.32,162,-2.04,105.05,106.49,73.2,71.3,67.4,0.383,0.554,13.4,0.397,0.553,16.8,"2021-01-30 08:21:04"
171,28.2,3,14.4,7,24.31,5,9.95,119.31,84.8,79.7,65.4,69.6,0.356,0.605,16.4,0.349,0.467,13.4,"2021-01-30 08:21:04"
172,14.15,60,7.7,57,8.25,80,6.25,105.69,94.34,73,71,71.3,0.368,0.534,17.2,0.354,0.517,14.6,"2021-01-30 08:21:04"
173,-9.66,280,-5.3,275,-10.33,280,-1.5,82.84,96.96,60.8,67.5,72,0.388,0.464,20.3,0.334,0.523,19.6,"2021-01-30 08:21:04"
174,-6.1,231,-2.4,211,-7.04,240,-8.7,95.44,105.26,72.1,70.4,70.4,0.399,0.534,14.5,0.401,0.542,17.7,"2021-01-30 08:21:04"
175,18.31,31,8.3,48,16.49,24,11.93,110.39,88.13,76.9,72.4,72,0.412,0.522,13,0.332,0.508,16,"2021-01-30 08:21:04"
176,13.8,63,8,54,10.44,63,3.24,103.07,87.98,69.7,62.5,68.7,0.337,0.519,16.7,0.369,0.514,21.8,"2021-01-30 08:21:04"
177,10.62,78,6.7,66,7.59,85,3.36,108.24,96.72,70.6,66.4,66.2,0.258,0.523,17.1,0.408,0.513,15.9,"2021-01-30 08:21:04"
178,-40.55,357,-24.4,347,-42.38,347,-3.38,72.94,128.66,54.1,93.1,72.8,0.528,0.435,21.7,0.413,0.619,13,"2021-01-30 08:21:04"
179,17.84,35,9.3,35,15.78,31,10.7,110.25,87.97,73.2,68.1,70.7,0.362,0.542,16.9,0.351,0.49,15.4,"2021-01-30 08:21:04"
180,5.17,118,1.8,135,7.41,87,0.41,109.27,98.31,78.9,68.6,72.1,0.429,0.593,17,0.348,0.483,13.7,"2021-01-30 08:21:04"
181,0.36,161,1,144,1,144,-5.5,104.71,104.26,79.4,72.9,75.6,0.34,0.547,15.7,0.425,0.513,18.1,"2021-01-30 08:21:04"
182,-1.01,169,-0.4,163,-3.79,197,-2.63,92.04,96.84,69.8,63.8,67.1,0.256,0.555,17.9,0.339,0.487,16,"2021-01-30 08:21:04"
183,-2.75,186,-1.9,194,-5.15,218,-7.15,92.62,99.45,74.9,67.5,70.7,0.362,0.554,15.9,0.409,0.502,17.8,"2021-01-30 08:21:04"
184,-1.12,173,-1.5,185,-1.63,168,-3.06,94.2,96.65,66.7,62.8,67.7,0.387,0.537,20.1,0.409,0.496,17,"2021-01-30 08:21:04"
185,-8.94,266,-2.2,202,-3.88,198,-8.66,101.14,105.81,82,73.4,75.6,0.386,0.561,17.3,0.442,0.535,20.9,"2021-01-30 08:21:04"
186,-6.66,235,-2.8,223,-3.18,187,-2.82,93.89,98.64,62.5,62.9,64.8,0.39,0.527,19.8,0.328,0.51,14.9,"2021-01-30 08:21:04"
187,0.82,156,2.5,124,-4.64,207,-7.97,97.64,103.28,79.1,67.8,72.4,0.366,0.592,18.4,0.426,0.499,17.2,"2021-01-30 08:21:04"
188,12.17,70,8.5,46,10.23,64,4.56,110.41,95.72,76.4,70.8,71.1,0.335,0.554,15.8,0.299,0.544,21.4,"2021-01-30 08:21:04"
189,-7.22,242,-1.7,191,-6.93,237,-3.93,94.17,104.03,66.8,69.8,68.6,0.339,0.497,14.4,0.328,0.519,17.2,"2021-01-30 08:21:04"
190,-1.06,171,-1,176,2.74,127,-0.26,107.02,102.96,72.4,69.4,67.2,0.336,0.531,14.8,0.409,0.557,18.5,"2021-01-30 08:21:04"
191,4.61,124,2.6,121,5.32,102,8.78,102.29,94.38,75,74.3,74.1,0.44,0.519,14.9,0.441,0.527,16.7,"2021-01-30 08:21:04"
192,-10.63,291,-7.4,307,-13.01,310,2.13,90.3,107.72,64.6,79.7,72.5,0.251,0.47,16.3,0.375,0.575,14.3,"2021-01-30 08:21:04"
193,4.66,123,1.5,140,0.48,146,-2.71,100.77,99.35,72.1,67.8,69.8,0.39,0.547,16.5,0.453,0.512,15.8,"2021-01-30 08:21:04"
194,-7.2,241,-2.6,216,-5.58,225,-4.58,97.82,105.99,68.2,66.2,68.8,0.366,0.499,14.9,0.367,0.53,16.6,"2021-01-30 08:21:04"
195,-9.37,271,-6.3,287,-13.72,315,-1.34,87.08,106.29,64.1,70.1,68.9,0.276,0.465,17.3,0.417,0.528,16.3,"2021-01-30 08:21:04"
196,4.15,127,1.5,139,-10.64,284,-5.14,86.04,100.53,74,61.6,70.4,0.447,0.522,15.5,0.394,0.508,18.7,"2021-01-30 08:21:04"
197,-12.65,309,-6.3,288,-13.64,313,-7.57,91.45,109.53,71.3,75.8,74,0.285,0.525,19.8,0.338,0.552,18.8,"2021-01-30 08:21:04"
198,-7.32,244,-2.4,213,-8.06,255,-6.8,97.3,108.13,63.3,64.5,65.3,0.376,0.498,13.4,0.43,0.529,17.3,"2021-01-30 08:21:04"
199,-3.29,193,0,157,-4.88,211,-8.24,95.85,102.6,77.3,71.2,74,0.372,0.537,15.2,0.363,0.524,19.4,"2021-01-30 08:21:04"
200,-8.09,255,-3.5,233,-8.52,259,-7.75,96.13,106.82,73.6,72.7,71.9,0.343,0.529,15.1,0.471,0.523,17.4,"2021-01-30 08:21:04"
201,-7.24,243,-1.5,183,-7.03,239,-8.14,92.3,101.67,78.2,64.8,74.1,0.388,0.535,16,0.413,0.483,20.9,"2021-01-30 08:21:04"
202,18.19,33,10.2,29,14.67,38,10.04,109.03,88.27,74.5,69.9,71.9,0.269,0.51,16.9,0.393,0.523,17.2,"2021-01-30 08:21:04"
203,-13.06,314,-5.7,280,-16.11,329,-5.11,92.25,112.49,71.9,78.9,75,0.34,0.506,16.5,0.414,0.558,20.2,"2021-01-30 08:21:04"
204,-8.46,261,-4.2,251,-1.66,169,7.34,101.42,104.1,76.8,77.4,73.5,0.324,0.561,17.4,0.333,0.571,21.5,"2021-01-30 08:21:04"
205,-11.97,300,-8.3,317,-9.89,275,-0.28,90.07,104.09,64.2,73.8,68.3,0.393,0.51,17.8,0.315,0.562,15.8,"2021-01-30 08:21:04"
206,1.39,150,-0.7,170,-1.24,160,-4.06,100.79,101.33,68.8,66,66.5,0.356,0.549,17.2,0.355,0.51,12.6,"2021-01-30 08:21:04"
207,-11.33,298,-6.7,295,-10.53,282,-3.73,97.42,112.12,70.1,74.9,70,0.491,0.557,20.9,0.292,0.517,12.9,"2021-01-30 08:21:04"
208,8,91,5,86,5.28,103,-3.98,100.97,93.38,74.6,63.6,68.6,0.366,0.59,17.4,0.364,0.507,19.1,"2021-01-30 08:21:04"
209,0.94,154,-0.7,167,0.42,148,1,97.19,96.78,68,68.6,69.3,0.449,0.555,18.9,0.333,0.513,15.2,"2021-01-30 08:21:04"
210,-14.27,325,-7.4,306,-14.15,319,-3.84,97.11,117.95,62.5,72.8,64,0.314,0.498,15.1,0.416,0.612,17,"2021-01-30 08:21:04"
211,-6.18,233,-4,246,-9.04,266,-6.25,95.14,107.79,68.7,68,68.5,0.43,0.547,18.1,0.231,0.522,14.7,"2021-01-30 08:21:04"
212,-13.23,316,-9.4,328,-15.83,328,-0.16,86.91,109.47,59.4,75.1,66.4,0.281,0.463,18.9,0.446,0.575,14.3,"2021-01-30 08:21:04"
213,1.47,149,-0.3,162,-2.97,183,5.53,101.09,105.13,70.1,73.4,70.3,0.392,0.534,16.8,0.429,0.559,14.9,"2021-01-30 08:21:04"
214,-6.08,230,-4,244,-7.74,252,-6.62,96.72,107.35,69.8,70.9,66.7,0.407,0.527,17.3,0.376,0.54,17.5,"2021-01-30 08:21:04"
215,11.8,72,5.8,79,11.54,57,11.69,109.82,94.7,76.1,72.5,70.8,0.398,0.555,12.9,0.416,0.538,15.2,"2021-01-30 08:21:04"
216,-13.3,318,-7.2,304,-13.76,316,-0.82,92.88,110.45,70.8,81.2,73.9,0.351,0.497,17.2,0.364,0.554,15.4,"2021-01-30 08:21:04"
217,9.93,84,5.4,83,8.04,82,10.75,112.45,100.78,69.9,72.6,66.7,0.438,0.563,15,0.378,0.533,11.1,"2021-01-30 08:21:04"
218,-5.61,222,-6.4,290,-8.53,260,1.37,99.48,110.56,72.2,82.1,71.6,0.433,0.508,15.6,0.451,0.582,16.7,"2021-01-30 08:21:04"
219,5.39,115,2.8,120,3.89,118,-1.51,109.69,104.83,79.9,73.6,71.5,0.398,0.574,14.4,0.399,0.56,18.3,"2021-01-30 08:21:04"
220,23.04,12,11.9,16,18.97,15,10.02,119.7,92.81,76.9,68,67.5,0.409,0.57,13.6,0.381,0.513,14,"2021-01-30 08:21:04"
221,20.43,21,11.7,17,17.34,19,7.48,114.4,90.32,77.6,67.8,70.3,0.388,0.549,12.7,0.391,0.514,17.5,"2021-01-30 08:21:04"
222,18.19,32,7.3,61,12.44,50,6.66,108.13,90.74,76.6,70.8,72.5,0.323,0.547,17.6,0.402,0.501,16.5,"2021-01-30 08:21:04"
223,1.39,151,-0.9,172,-3.47,193,-1.74,96.87,101.24,68.6,68.5,68.8,0.319,0.522,16.5,0.472,0.53,17.3,"2021-01-30 08:21:04"
224,-1.88,179,-1,178,-2.46,178,-1.46,106.72,109.79,81.5,75.2,73.5,0.462,0.576,14.8,0.32,0.522,15.4,"2021-01-30 08:21:04"
225,18.38,30,9.8,31,14.09,43,4.68,110.42,90.55,76,66.6,71.1,0.374,0.553,14.9,0.402,0.52,19.1,"2021-01-30 08:21:04"
226,4.17,126,2.3,127,2.68,128,3.98,105.73,101.2,73,69.1,67.6,0.358,0.534,13.6,0.373,0.523,15.9,"2021-01-30 08:21:04"
227,3.51,132,-1.9,195,-0.63,158,4.38,98.41,97.84,68,68.9,70.6,0.275,0.479,15.2,0.442,0.52,17.1,"2021-01-30 08:21:04"
228,-3.38,194,NULL,NULL,0,354,0,0,0,0,0,0,0,0,0,0,0,0,"2021-01-30 08:21:04"
229,16.77,41,8.2,51,15.92,29,15.92,116.02,93.03,76.8,76.8,70.7,0.394,0.53,14.4,0.376,0.57,17.9,"2021-01-30 08:21:04"
230,3.98,128,3.1,114,2.93,123,5.76,102.35,97.69,76.1,73.4,72.6,0.366,0.548,16.3,0.364,0.519,16.7,"2021-01-30 08:21:04"
231,12.22,69,6.8,64,11.31,59,5.48,107.54,91.76,73.5,67.7,70.9,0.338,0.519,15.7,0.41,0.495,16.6,"2021-01-30 08:21:04"
232,-12.99,313,-10.3,334,-12.08,298,2.85,94.9,111.22,70.5,80.8,73.9,0.364,0.521,17.4,0.424,0.581,17.9,"2021-01-30 08:21:04"
233,-10.26,286,-6.8,297,-8.78,265,-3.67,90.51,101.75,68.2,68.2,72.5,0.374,0.478,17.7,0.345,0.523,19.3,"2021-01-30 08:21:04"
234,-8.57,262,-2.6,218,-6.53,232,-8.86,93.55,101.2,66.6,64.2,67.7,0.37,0.52,18.2,0.374,0.517,22.1,"2021-01-30 08:21:04"
235,-18.07,344,-10.3,333,-14.69,321,-7.52,86.18,106.84,62.9,66.5,67.5,0.343,0.505,20.4,0.327,0.55,20.4,"2021-01-30 08:21:04"
236,1.78,147,NULL,NULL,0,355,0,0,0,0,0,0,0,0,0,0,0,0,"2021-01-30 08:21:04"
237,14.09,61,7.8,56,10.78,60,9.03,110,95.06,72.9,71.1,67.3,0.321,0.531,14.6,0.362,0.528,15.3,"2021-01-30 08:21:04"
238,18.45,29,9,40,15.32,33,11.9,111.75,89.6,70.3,66.9,67.4,0.388,0.539,16.8,0.459,0.519,15,"2021-01-30 08:21:04"
239,-7.87,253,-3.8,240,-9.49,271,-8.28,98.46,111.95,75.9,77.1,72.4,0.371,0.602,23,0.406,0.55,16.7,"2021-01-30 08:21:04"
240,-9.3,269,-4.6,260,-7.34,244,-5.64,85.35,95.59,65.7,67.4,71.6,0.379,0.501,19.7,0.317,0.45,13.1,"2021-01-30 08:21:04"
241,-4.12,204,-2.7,221,-5.01,213,-7.3,96.46,103.18,69.1,64.2,65.4,0.359,0.548,20.1,0.409,0.507,16.3,"2021-01-30 08:21:04"
242,13.21,65,6.8,63,9.6,71,5.55,104.02,90.41,72.8,68.7,71.5,0.317,0.546,18.8,0.384,0.495,16,"2021-01-30 08:21:04"
243,-2.93,188,-2.3,204,-3.13,186,-5.13,102.44,106.17,78,72.8,73.9,0.48,0.571,18.5,0.348,0.521,16.1,"2021-01-30 08:21:04"
244,14.79,55,8.9,42,10.6,62,4.6,113.59,98.11,76.3,70.3,70.2,0.357,0.575,13.7,0.366,0.551,19.6,"2021-01-30 08:21:04"
245,-12.19,305,-5.9,281,-11.35,288,-5.48,97.86,114.43,67.8,73.7,68.2,0.301,0.515,15.1,0.408,0.562,14.8,"2021-01-30 08:21:04"
246,-8.19,256,-4.4,256,-9.72,273,-3.82,99.07,112.49,72.5,76.2,69.4,0.312,0.52,15.6,0.378,0.563,16.9,"2021-01-30 08:21:04"
247,18.72,28,8.7,44,15.94,28,11.81,110.82,88.68,73,68.9,69.5,0.308,0.526,13.3,0.362,0.516,16.6,"2021-01-30 08:21:04"
248,-12.04,301,-6.8,298,-12.49,306,-3.59,92.51,108.57,68.5,73.5,72.9,0.343,0.537,21.6,0.392,0.537,18.5,"2021-01-30 08:21:04"
249,15.3,51,8.5,47,13.5,45,3.5,114.11,95.5,77.5,67.5,70.9,0.369,0.564,16,0.395,0.505,17.6,"2021-01-30 08:21:04"
250,-5.94,226,-2.2,203,-6.73,234,-9.3,101.8,111.9,73.6,63.2,63.7,0.328,0.542,13,0.337,0.527,18.6,"2021-01-30 08:21:04"
251,-13.6,321,-6.4,291,-8.55,261,-4.05,93.13,105.83,70,74.5,69.9,0.425,0.499,16.7,0.319,0.517,13.8,"2021-01-30 08:21:04"
252,-4.22,206,-5.3,276,-5.05,215,8.46,99.65,105.35,70.8,84.3,73.2,0.482,0.513,18.1,0.356,0.575,16.1,"2021-01-30 08:21:04"
253,16.7,43,9.4,34,16.32,26,-0.35,114.44,91.32,82.4,65.8,71.5,0.277,0.59,15.1,0.389,0.528,20.9,"2021-01-30 08:21:04"
254,10.95,75,4.6,92,7.64,84,2.64,103.63,91.98,66.9,61.9,65.9,0.379,0.528,14.7,0.273,0.504,16.1,"2021-01-30 08:21:04"
255,-0.63,166,-0.9,174,-2.02,174,-2.38,90.96,93.88,64.9,64.5,69.5,0.339,0.498,18.9,0.369,0.49,18.7,"2021-01-30 08:21:04"
256,-2.65,184,-0.7,168,-3.33,189,-0.54,99.72,103.21,81.3,71.1,75.9,0.397,0.552,16.8,0.402,0.523,21.3,"2021-01-30 08:21:04"
257,-8.43,259,-3.4,232,-5.4,222,-2.15,97.83,105.18,80.6,78.1,76.4,0.395,0.554,17.8,0.499,0.552,17.3,"2021-01-30 08:21:04"
258,-2.95,189,-2.4,212,-7.6,247,2.85,93.67,103.41,65,75.4,71.2,0.324,0.491,16.6,0.323,0.56,16.5,"2021-01-30 08:21:04"
259,19.01,24,10.7,22,15.08,35,4.08,111.42,89.4,73.3,60.4,67.6,0.428,0.566,16.3,0.453,0.508,21.1,"2021-01-30 08:21:04"
260,10.6,79,4.9,87,7.11,89,1.17,104.94,94.72,73.3,67.3,70.4,0.498,0.547,15.8,0.28,0.52,17.9,"2021-01-30 08:21:04"
261,-14.31,326,-12.9,343,-20.06,339,0.18,91.05,116.8,66.2,82.1,73.3,0.378,0.476,15.8,0.389,0.548,12.5,"2021-01-30 08:21:04"
262,1.83,146,1,143,-2.71,180,-0.71,91.53,94.66,65.6,65.7,71.5,0.322,0.497,16.9,0.362,0.476,15.2,"2021-01-30 08:21:04"
263,-10.24,285,-4,248,-9.37,269,-5.59,89.74,101.99,74.1,66.5,71.1,0.412,0.521,12.8,0.329,0.513,19.6,"2021-01-30 08:21:04"
264,16.37,46,9.1,37,13.08,47,10.02,113.78,95.4,75.3,72.2,69,0.377,0.569,16.8,0.355,0.534,15.6,"2021-01-30 08:21:04"
265,2.08,143,2,134,-0.54,157,-6.79,99.75,100.35,70.5,64.3,67.5,0.378,0.554,16.4,0.281,0.483,14.5,"2021-01-30 08:21:04"
266,-5.33,216,-2.4,207,-5.42,223,-4.18,102.87,110.27,77.1,72.5,68.6,0.408,0.577,16.1,0.59,0.551,18.6,"2021-01-30 08:21:04"
267,11.67,73,5.7,81,8.51,76,8.4,106.81,94.34,74.8,74.7,74.4,0.366,0.507,17.3,0.363,0.55,19.7,"2021-01-30 08:21:04"
268,-27.13,355,-16.5,345,-26.41,345,-4.11,79.69,115.81,59.5,81.8,73.3,0.375,0.457,21.5,0.406,0.597,18.9,"2021-01-30 08:21:04"
269,0.45,159,-1,177,1.45,140,-2.41,102.33,99.79,73.3,67,69.4,0.329,0.555,13.8,0.4,0.507,15,"2021-01-30 08:21:04"
270,7.42,94,4.1,98,5.07,105,-1.26,112.7,105.25,80.5,71.3,71.6,0.372,0.599,14.7,0.381,0.515,13,"2021-01-30 08:21:04"
271,6.72,103,2.2,131,4.55,109,4.73,101.71,94.99,68.6,67.9,69.6,0.307,0.502,17.8,0.409,0.525,17.1,"2021-01-30 08:21:04"
272,-13.24,317,-7.1,303,-11.24,287,-7.71,91.45,107.15,68.1,71.7,68.5,0.404,0.522,18.9,0.34,0.559,17.7,"2021-01-30 08:21:04"
273,-15.34,329,-8.3,316,-16.57,331,-5.63,87.15,109.08,65,75.9,71.1,0.42,0.48,19.9,0.4,0.58,19.4,"2021-01-30 08:21:04"
274,-10.37,288,-4.7,265,-11.54,293,-6.99,89.93,104.14,68.6,73.1,73.1,0.287,0.506,19.2,0.37,0.523,15.7,"2021-01-30 08:21:04"
275,-3.58,197,-4.1,249,-2.85,182,-0.85,101.41,106.05,71,69.4,67.3,0.381,0.571,15.9,0.408,0.557,18.3,"2021-01-30 08:21:04"
276,-8.27,258,-4.3,255,-7.3,243,-4.95,91.97,102.38,65.3,64.4,67.7,0.31,0.517,18.3,0.415,0.501,16.5,"2021-01-30 08:21:04"
277,-3.71,200,-0.2,161,-4.13,203,-5.22,106.16,111.87,82.2,72.7,74.4,0.432,0.561,14.9,0.377,0.543,17.6,"2021-01-30 08:21:04"
278,15.07,52,7.8,55,11.81,52,2.26,106.44,89.06,70.2,60.7,67.7,0.276,0.506,14.7,0.456,0.478,18.5,"2021-01-30 08:21:04"
279,-9.93,284,-4.3,254,-4.72,209,-3.29,98.08,103.96,75.1,76.6,75.8,0.291,0.506,14.8,0.314,0.547,18.6,"2021-01-30 08:21:04"
280,-8.98,268,-4.7,263,-5.8,227,-0.42,96.75,105.31,71.4,76.8,72.3,0.323,0.517,17.1,0.404,0.538,16.2,"2021-01-30 08:21:04"
281,10.64,77,6.4,72,8.56,75,6.09,109.27,97.56,79.8,77.4,75.5,0.316,0.537,14.5,0.364,0.561,20.4,"2021-01-30 08:21:04"
282,16.74,42,7.6,59,11.57,56,7.3,104.71,88.69,72.5,68.2,71.7,0.31,0.548,18.8,0.403,0.498,18,"2021-01-30 08:21:04"
283,0.01,162,-0.4,165,-3.01,184,-8.01,100.94,104.39,82.1,71.8,74.3,0.266,0.604,20.3,0.353,0.557,22.6,"2021-01-30 08:21:04"
284,-6.78,238,-6,284,-7.73,251,0.36,93.77,104.36,66.2,69.9,68.9,0.43,0.5,17.7,0.351,0.526,15.8,"2021-01-30 08:21:04"
285,-7.65,249,-2.4,210,-6.96,238,-5.49,92.8,102.66,69.6,67.8,69.6,0.319,0.518,17.7,0.402,0.515,17.6,"2021-01-30 08:21:04"
286,16.39,45,10.3,28,14.33,40,6.62,111.11,91.34,77.9,70.1,71.9,0.41,0.551,14.2,0.449,0.5,17.6,"2021-01-30 08:21:04"
287,7.64,93,3.5,107,4.51,110,6.31,102.83,96.34,66.6,68.4,67.9,0.38,0.531,18.7,0.348,0.514,14.9,"2021-01-30 08:21:04"
288,-15.66,331,-6.7,296,-10.23,278,0.4,95.08,109.4,70.1,69,70.9,0.284,0.532,16,0.434,0.565,23,"2021-01-30 08:21:04"
289,3.46,133,2.3,128,6.55,92,9.8,102.3,93.07,64.4,67.6,68,0.397,0.5,17.2,0.371,0.505,14.1,"2021-01-30 08:21:04"
290,21.16,19,13.2,10,19.56,11,6.13,110.72,82.3,72.7,59.3,67.7,0.319,0.537,14.1,0.39,0.487,21.5,"2021-01-30 08:21:04"
291,-19.75,346,-12.1,338,-19.93,338,-4.47,88.8,116.19,66.2,78.1,70,0.333,0.491,18.2,0.439,0.59,18.7,"2021-01-30 08:21:04"
292,-12.74,310,-7.2,305,-13,309,-7.93,82.66,100.51,66.8,69.9,71.9,0.351,0.506,20,0.384,0.515,19.1,"2021-01-30 08:21:04"
293,-13.83,323,-8.5,320,-13.87,317,-0.76,91.59,110.93,64.4,77.5,70.2,0.437,0.514,21,0.393,0.559,14.4,"2021-01-30 08:21:04"
294,24.2,10,12,15,19.13,13,8.91,114.75,87.8,76.4,66.2,70.3,0.418,0.556,16.1,0.315,0.479,14.8,"2021-01-30 08:21:04"
295,4.43,125,1.8,137,2.35,131,4.56,99.2,96.17,63.1,65.4,66.1,0.422,0.52,20.7,0.465,0.543,20.6,"2021-01-30 08:21:04"
296,-16.4,334,-10,331,-17.65,334,-3.95,85.81,109.5,63,68.8,70.4,0.363,0.508,21.6,0.353,0.512,16.8,"2021-01-30 08:21:04"
297,-6.87,240,-2.6,219,-8.02,254,-0.25,96.56,107.11,70.5,73.2,73.2,0.245,0.508,18.4,0.446,0.531,17,"2021-01-30 08:21:04"
298,0.83,155,-2.3,206,-5.11,216,-7.18,96,101.99,66.4,62.3,66.3,0.268,0.536,18.6,0.397,0.526,20.9,"2021-01-30 08:21:04"
299,22.95,13,14,8,17.76,17,3.94,112.64,87.22,75.5,61.7,68.5,0.325,0.538,13.4,0.373,0.504,22.3,"2021-01-30 08:21:04"
300,-9.92,283,-2.5,215,-4.17,204,-2.83,104.81,110.47,88.2,77,77.2,0.491,0.588,14.6,0.307,0.513,14.4,"2021-01-30 08:21:04"
301,12.75,66,5.8,78,8.6,74,-0.9,112.58,100.29,80.4,70.9,68.9,0.445,0.574,14,0.394,0.518,16,"2021-01-30 08:21:04"
302,-7.85,252,-3.2,225,-7.62,248,0.56,99.68,111.12,67.5,75.6,68.5,0.282,0.502,17.3,0.442,0.541,13,"2021-01-30 08:21:04"
303,-9.75,281,-5,267,-10.54,283,-1.04,88.07,103.4,63.3,67.3,69.3,0.368,0.483,18.7,0.384,0.518,17.5,"2021-01-30 08:21:04"
304,-4.16,205,-2.2,201,-1.4,163,-0.49,97.46,98.91,63.2,64.1,67.4,0.434,0.484,14.5,0.419,0.512,19.8,"2021-01-30 08:21:04"
305,8.55,89,4.1,99,6.38,93,7.15,102.3,92.8,67.1,63.8,68.4,0.391,0.525,17.4,0.422,0.484,18.7,"2021-01-30 08:21:04"
306,8.22,90,5.9,77,8.36,78,-7.5,105.79,94.41,75,58.5,69.6,0.308,0.537,12.4,0.369,0.478,23,"2021-01-30 08:21:04"
307,-5.1,214,-3.3,228,-11.37,289,-5.37,94.08,108.79,74.1,74.6,74.8,0.314,0.547,17.4,0.37,0.575,22,"2021-01-30 08:21:04"
308,5.98,111,4,100,4.15,116,0.33,98.41,90.95,74.8,61.6,70.6,0.252,0.541,16.5,0.415,0.487,18.8,"2021-01-30 08:21:04"
309,3.26,135,2.9,116,4.33,111,-4.94,98.99,91.65,69.1,59.8,66.2,0.414,0.544,16.9,0.332,0.458,14.2,"2021-01-30 08:21:04"
310,-5.26,215,-8.9,325,-10.23,279,-0.43,92.72,106.96,68.9,67,72.5,0.495,0.558,20.4,0.293,0.504,20.1,"2021-01-30 08:21:04"
311,9.6,86,6.4,71,8.23,81,-4.02,107.5,94.44,79.7,61.5,69.4,0.342,0.589,13.3,0.332,0.493,19.4,"2021-01-30 08:21:04"
312,7.33,96,2.5,125,8.95,73,13.25,105.92,93.73,64.6,68.9,67.3,0.358,0.512,18,0.4,0.523,16.8,"2021-01-30 08:21:04"
313,18.8,27,9.5,32,14.28,41,6.08,116.41,95.85,76.3,68.1,65.8,0.317,0.561,14.3,0.407,0.528,16.1,"2021-01-30 08:21:04"
314,-1.96,180,1.1,142,-0.04,154,-5.8,96.76,96.49,69.7,63.9,70.1,0.365,0.533,16.9,0.403,0.481,16.8,"2021-01-30 08:21:04"
315,-6.02,228,0.5,149,-3.99,200,0.43,97.26,103.25,73.6,62.8,67.5,0.301,0.589,17.2,0.408,0.531,20.8,"2021-01-30 08:21:04"
316,-6.4,234,-2.4,208,-4.91,212,-1.91,96.57,103.56,68.4,71.4,69.8,0.344,0.54,19.6,0.384,0.53,15,"2021-01-30 08:21:04"
317,-5.49,219,-1.9,196,-5.54,224,-7.02,99.54,107.49,74.1,72.6,70,0.39,0.559,18.4,0.316,0.526,16.8,"2021-01-30 08:21:04"
318,5.56,114,4.8,89,2.29,132,-3.96,99.65,96.21,73.7,67.4,71.6,0.398,0.503,14.7,0.38,0.515,18.7,"2021-01-30 08:21:04"
319,-3.91,202,-1.3,182,-4.53,206,-6.62,100.91,105.99,77.2,71.5,71.3,0.367,0.549,14.2,0.282,0.539,18.9,"2021-01-30 08:21:04"
320,4.72,121,4.3,97,2.37,130,4.91,105.9,101.57,73.2,66.5,69.2,0.443,0.544,15.4,0.436,0.516,17.8,"2021-01-30 08:21:04"
321,20.46,20,10,30,16.95,20,4.89,113.42,89.73,76.6,64.5,68.6,0.32,0.547,15.3,0.377,0.47,14.9,"2021-01-30 08:21:04"
322,-13.38,319,-10.3,332,-12.12,299,-2.2,95.01,111.31,67.4,77.3,70.9,0.407,0.515,18.1,0.391,0.577,16.9,"2021-01-30 08:21:04"
323,-4.33,207,-2.2,200,-6.79,235,-2.5,95.34,104.34,77,71.7,74.3,0.401,0.52,14.6,0.378,0.518,18.7,"2021-01-30 08:21:04"
324,-5.44,218,-3.7,237,-6.1,229,-7.6,89.09,97.02,75.5,66.2,75.2,0.361,0.503,16.4,0.337,0.482,21.4,"2021-01-30 08:21:04"
325,-1.64,176,-1.7,188,-2.74,181,1.18,102.73,106.3,72.5,71.7,70.3,0.374,0.521,12.9,0.324,0.544,16.7,"2021-01-30 08:21:04"
326,-3.64,198,-4.6,259,-6.84,236,-0.92,102.27,110.73,77.3,76.7,74.1,0.396,0.522,14.3,0.404,0.551,16.3,"2021-01-30 08:21:04"
327,11.09,74,5.5,82,7.44,86,4.28,106.36,95.97,69.8,66.7,68.2,0.339,0.538,16.3,0.383,0.525,18.4,"2021-01-30 08:21:04"
328,15.55,49,8.1,53,11.48,58,-1.17,104.35,87.83,75.1,61.7,70.7,0.331,0.54,16.9,0.43,0.492,19.5,"2021-01-30 08:21:04"
329,-6.82,239,-5.5,278,-3.25,188,-0.65,99.62,103.09,77.4,76.8,73.4,0.274,0.571,18.8,0.338,0.541,14.4,"2021-01-30 08:21:04"
330,14.04,62,6.3,73,11.73,54,2.73,104.47,87.78,74.3,65.3,73.3,0.359,0.558,19,0.336,0.492,21.8,"2021-01-30 08:21:04"
331,-3.05,191,-2.7,220,0.12,152,0.34,107.94,108.1,81.7,76.2,72.7,0.464,0.6,15.7,0.429,0.532,13.6,"2021-01-30 08:21:04"
332,-3.65,199,-4.1,250,-5.32,220,1.22,92.91,100.42,69,70.8,71.2,0.417,0.509,16.1,0.352,0.524,18,"2021-01-30 08:21:04"
333,2.22,142,1.8,136,1.49,139,2.99,106.12,103.27,72.4,73.9,69.7,0.458,0.541,17.2,0.349,0.561,15.9,"2021-01-30 08:21:04"
334,6.76,100,6,75,5.56,97,-8.44,103.49,95.07,74.8,60.8,67.3,0.415,0.578,17.2,0.409,0.488,18.7,"2021-01-30 08:21:04"
335,26.09,6,14.8,6,19.41,12,7.23,122.25,93.55,78.9,66.7,66.6,0.448,0.578,10.6,0.406,0.546,18,"2021-01-30 08:21:04"
336,25.71,7,15.3,5,20.69,9,6.77,121.87,88.94,73.4,59.5,61.4,0.412,0.609,12.5,0.408,0.507,14.5,"2021-01-30 08:21:04"
337,16.89,40,9.2,36,14.18,42,6.31,109.99,89.81,72.5,64.7,67.2,0.421,0.547,15.3,0.376,0.509,16.2,"2021-01-30 08:21:04"
338,-9.65,279,-5.2,272,-4.87,210,-0.15,97.06,104.05,69,73.7,68.2,0.336,0.489,15.7,0.446,0.575,18.5,"2021-01-30 08:21:04"
339,5.34,116,3.4,109,8.45,77,7.65,106.06,94.88,70.5,69.1,69.5,0.457,0.557,19.4,0.339,0.549,19.1,"2021-01-30 08:21:04"
340,3.2,136,0.5,150,0.16,151,10.02,102.76,101.72,67.4,77.3,70.5,0.378,0.509,16.8,0.32,0.532,14,"2021-01-30 08:21:04"
341,3.18,137,0.1,155,2.82,125,2.51,97.53,93.65,67.1,66.8,69.2,0.388,0.515,18.6,0.34,0.489,15.5,"2021-01-30 08:21:04"
342,-2.08,181,2.3,130,4.33,112,-3.9,103.82,98.47,84.1,67.9,75.1,0.414,0.613,16.6,0.377,0.49,18,"2021-01-30 08:21:04"
343,22.01,16,11.3,18,16.16,27,10.09,112.82,89.98,75.4,69.3,70.9,0.31,0.519,14.1,0.384,0.51,17.4,"2021-01-30 08:21:04"
344,-6.17,232,-1.9,193,-7.25,242,-3.09,98.07,108.42,78.3,78.9,73.1,0.426,0.562,17.3,0.391,0.551,15.2,"2021-01-30 08:21:04"
345,-15.22,328,-8.3,315,-12.01,297,-1.01,93,108.64,70.1,78.5,72.3,0.355,0.484,14,0.336,0.577,15.3,"2021-01-30 08:21:04"
346,9.94,83,5.8,80,4.78,108,0.26,106.75,100.11,74.1,69.5,70.6,0.302,0.552,17.7,0.381,0.528,17,"2021-01-30 08:21:04"
347,-10.39,289,-6.1,285,-9.11,268,1.8,92.24,105.1,63.1,71.4,68.6,0.352,0.513,19.3,0.393,0.521,13.3,"2021-01-30 08:21:04"
348,10.55,80,3,115,9.47,72,9.17,108.75,95.09,72.3,67.6,70.4,0.376,0.493,13.6,0.399,0.48,15.8,"2021-01-30 08:21:04"
349,-10.66,292,-7.7,312,-9.78,274,-1.51,93.88,108.95,64.9,73.2,67,0.374,0.499,17.5,0.331,0.552,14.9,"2021-01-30 08:21:04"
350,5,119,3.7,104,3.49,120,-7.75,102.78,98.9,81.3,70.1,74.5,0.386,0.558,16.5,0.398,0.541,21.3,"2021-01-30 08:21:04"
351,23.79,11,12.5,13,19.03,14,8.85,113.07,85.3,71.9,61.8,65.6,0.396,0.549,11.7,0.345,0.491,15.7,"2021-01-30 08:21:04"
352,3.79,129,3.8,103,2.85,124,0.52,104.99,100.79,77.1,67,68.7,0.511,0.584,16.8,0.4,0.515,16.6,"2021-01-30 08:21:04"
353,12.01,71,6.4,70,9.68,70,-6.25,105.02,92.62,81.5,65.6,72.4,0.34,0.577,16,0.325,0.46,14.6,"2021-01-30 08:21:04"
354,-3.16,192,-5.1,269,-5.02,214,-6.15,103.92,111.11,77.2,76.1,70.7,0.476,0.564,13.8,0.308,0.549,15.6,"2021-01-30 08:21:04"
355,15.36,50,9,39,15.33,32,6.16,111.59,90.5,78.8,69.6,71.6,0.371,0.563,14.8,0.352,0.491,14.9,"2021-01-30 08:21:04"
356,6.74,101,NULL,NULL,0,356,0,0,0,0,0,0,0,0,0,0,0,0,"2021-01-30 08:21:04"
357,-7.76,250,-5.3,273,-10.67,285,-5.31,103.42,118.4,74.4,73.6,68.3,0.367,0.513,12.4,0.415,0.57,17.4,"2021-01-30 08:21:04"
