Date,Winner,WinnerScore,Loser,LoserScore,Home,Away
2020-11-25,335,76,27,67,27,335
2020-11-25,336,89,302,54,336,302
2020-11-25,128,97,204,67,128,204
2020-11-25,351,77,79,67,351,79
2020-11-25,121,122,203,60,121,203
2020-11-25,138,81,184,45,138,184
2020-11-25,172,83,81,67,172,81
2020-11-25,299,101,216,58,299,216
2020-11-25,343,79,270,71,343,270
2020-11-25,202,79,47,60,202,47
2020-11-25,115,89,143,45,115,143
2020-11-25,12,94,242,88,242,12
2020-11-25,294,91,324,55,294,324
2020-11-25,259,73,313,58,259,313
2020-11-25,220,94,123,67,220,123
2020-11-25,247,86,251,63,247,251
2020-11-25,171,96,29,82,171,29
2020-11-25,306,99,8,50,306,8
2020-11-25,10,81,268,61,268,10
2020-11-25,160,99,14,57,160,14
2020-11-25,18,72,192,66,192,18
2020-11-25,214,74,20,73,214,20
2020-11-25,226,71,41,63,226,41
2020-11-25,321,95,36,87,321,36
2020-11-25,199,101,307,93,199,307
2020-11-25,230,86,308,72,230,308
2020-11-25,227,66,309,60,227,309
2020-11-25,60,102,45,75,60,45
2020-11-25,188,95,48,61,188,48
2020-11-25,53,53,177,42,177,53
2020-11-25,339,111,69,51,339,69
2020-11-25,73,80,135,70,135,73
2020-11-25,1,70,78,47,1,78
2020-11-25,80,80,207,67,207,80
2020-11-25,153,79,84,44,153,84
2020-11-25,237,97,86,56,237,86
2020-11-25,240,84,87,66,240,87
2020-11-25,91,65,89,56,91,89
2020-11-25,266,68,90,66,266,90
2020-11-25,190,78,98,71,190,98
2020-11-25,102,123,103,120,103,102
2020-11-25,106,69,105,53,106,105
2020-11-25,175,99,107,69,175,107
2020-11-25,65,82,112,73,65,112
2020-11-25,287,69,116,45,287,116
2020-11-25,262,62,120,49,262,120
2020-11-25,122,65,212,61,212,122
2020-11-25,4,81,132,57,4,132
2020-11-25,238,77,145,64,238,145
2020-11-25,99,70,314,62,99,314
2020-11-25,316,76,260,68,260,316
2020-11-25,191,102,165,55,191,165
2020-11-25,166,73,254,56,254,166
2020-11-25,13,142,178,62,13,178
2020-11-25,183,91,320,78,320,183
2020-11-25,186,62,185,55,185,186
2020-11-25,344,98,319,76,344,319
2020-11-25,170,81,205,67,170,205
2020-11-25,193,62,206,48,193,206
2020-11-25,355,101,218,49,355,218
2020-11-25,219,84,51,61,51,219
2020-11-25,222,75,323,68,323,222
2020-11-25,162,85,223,67,162,223
2020-11-25,179,91,224,64,179,224
2020-11-25,147,71,234,66,147,234
2020-11-25,337,77,241,62,337,241
2020-11-25,280,80,231,70,231,280
2020-11-25,281,76,255,75,281,255
2020-11-25,249,97,256,67,249,256
2020-11-25,263,84,232,72,232,263
2020-11-25,57,84,269,61,57,269
2020-11-25,239,67,273,63,239,273
2020-11-25,253,89,248,52,253,248
2020-11-25,156,85,277,83,156,277
2020-11-25,125,89,293,59,125,293
2020-11-25,341,56,297,52,341,297
2020-11-25,30,61,301,59,30,301
2020-11-25,330,85,328,69,328,330
2020-11-25,346,93,213,87,213,346
2020-11-25,35,66,347,62,35,347
2020-11-26,104,102,134,90,104,134
2020-11-26,335,83,12,74,12,335
2020-11-26,121,97,51,38,121,51
2020-11-26,343,78,330,66,343,330
2020-11-26,17,96,252,91,252,17
2020-11-26,23,95,117,78,117,23
2020-11-26,27,69,242,64,242,27
2020-11-26,355,51,30,50,355,30
2020-11-26,18,67,78,66,18,78
2020-11-26,281,82,141,65,281,141
2020-11-26,145,84,177,73,177,145
2020-11-26,208,116,178,62,208,178
2020-11-26,192,60,173,59,173,192
2020-11-26,193,69,191,66,191,193
2020-11-26,19,86,197,61,19,197
2020-11-26,204,85,274,78,274,204
2020-11-26,254,66,213,64,254,213
2020-11-26,219,84,203,72,203,219
2020-11-26,53,81,238,70,53,238
2020-11-26,140,94,248,81,140,248
2020-11-26,301,80,218,53,218,301
2020-11-26,260,79,302,68,260,302
2020-11-26,270,83,328,59,270,328
2020-11-26,346,75,166,69,166,346
2020-11-27,104,90,17,67,17,104
2020-11-27,260,61,336,60,260,336
2020-11-27,128,103,274,76,128,274
2020-11-27,134,94,252,72,252,134
2020-11-27,351,92,14,58,351,14
2020-11-27,121,77,219,75,121,219
2020-11-27,299,84,256,52,299,256
2020-11-27,343,70,346,64,343,346
2020-11-27,115,68,26,58,115,26
2020-11-27,313,107,230,98,230,313
2020-11-27,247,96,87,75,247,87
2020-11-27,1,80,18,72,18,1
2020-11-27,161,70,15,56,161,15
2020-11-27,30,74,218,60,218,30
2020-11-27,286,85,32,84,286,32
2020-11-27,262,66,307,63,262,307
2020-11-27,259,77,308,58,259,308
2020-11-27,16,79,45,57,16,45
2020-11-27,80,60,48,50,80,48
2020-11-27,203,74,51,44,203,51
2020-11-27,57,76,135,58,135,57
2020-11-27,77,66,49,57,49,77
2020-11-27,160,75,79,50,160,79
2020-11-27,234,64,84,61,234,84
2020-11-27,132,60,90,50,132,90
2020-11-27,23,77,97,67,23,97
2020-11-27,11,74,105,55,11,105
2020-11-27,60,69,109,57,60,109
2020-11-27,255,62,141,51,255,141
2020-11-27,304,66,143,57,304,143
2020-11-27,339,71,149,60,339,149
2020-11-27,167,83,103,73,103,167
2020-11-27,78,57,173,43,78,173
2020-11-27,162,82,190,52,162,190
2020-11-27,199,70,120,51,120,199
2020-11-27,200,83,133,73,133,200
2020-11-27,318,77,147,70,147,318
2020-11-27,319,76,317,68,317,319
2020-11-27,188,86,207,51,188,207
2020-11-27,243,68,124,53,124,243
2020-11-27,244,82,184,64,184,244
2020-11-27,153,71,264,70,153,264
2020-11-27,73,69,269,53,73,269
2020-11-27,254,72,270,59,254,270
2020-11-27,152,76,323,71,152,323
2020-11-27,355,76,301,73,355,301
2020-11-27,34,74,302,65,34,302
2020-11-27,303,66,344,64,344,303
2020-11-27,328,82,213,71,213,328
2020-11-27,333,77,332,71,333,332
2020-11-27,330,70,166,59,166,330
2020-11-28,21,112,150,82,21,150
2020-11-28,337,81,335,73,335,337
2020-11-28,75,81,61,71,75,61
2020-11-28,172,80,217,70,172,217
2020-11-28,1,70,192,58,192,1
2020-11-28,16,78,34,74,34,16
2020-11-28,2,66,40,61,2,40
2020-11-28,122,74,46,72,122,46
2020-11-28,231,83,74,74,231,74
2020-11-28,341,71,82,68,341,82
2020-11-28,97,84,117,70,117,97
2020-11-28,83,76,112,75,83,112
2020-11-28,307,70,120,61,307,120
2020-11-28,146,76,143,73,146,143
2020-11-28,253,85,140,81,253,140
2020-11-28,175,88,156,73,175,156
2020-11-28,314,80,280,65,280,314
2020-11-28,123,82,316,72,123,316
2020-11-28,354,97,178,61,354,178
2020-11-28,321,76,182,62,321,182
2020-11-28,190,73,186,67,186,190
2020-11-28,262,73,199,57,262,199
2020-11-28,200,57,241,54,241,200
2020-11-28,191,79,206,57,191,206
2020-11-28,13,69,208,54,13,208
2020-11-28,323,80,216,71,323,216
2020-11-28,242,84,271,68,271,242
2020-11-28,145,78,267,62,145,267
2020-11-28,29,101,268,78,29,268
2020-11-28,95,91,322,63,95,322
2020-11-28,272,71,315,66,315,272
2020-11-28,306,84,273,59,306,273
2020-11-28,131,66,276,51,131,276
2020-11-28,324,81,326,64,324,326
2020-11-28,222,85,297,65,222,297
2020-11-28,298,75,296,63,296,298
2020-11-28,319,73,303,50,319,303
2020-11-28,287,70,305,65,287,305
2020-11-28,19,82,329,60,19,329
2020-11-28,229,86,331,65,229,331
2020-11-28,344,83,317,81,317,344
2020-11-28,223,86,349,78,223,349
2020-11-29,21,86,340,52,340,21
2020-11-29,244,76,138,64,138,244
2020-11-29,63,69,206,58,63,206
2020-11-29,115,64,299,53,115,299
2020-11-29,12,100,116,77,12,116
2020-11-29,220,74,316,64,220,316
2020-11-29,247,70,113,56,247,113
2020-11-29,171,81,218,71,171,218
2020-11-29,5,78,257,76,257,5
2020-11-29,129,80,14,63,129,14
2020-11-29,184,69,15,61,184,15
2020-11-29,26,86,256,55,256,26
2020-11-29,100,85,89,75,100,89
2020-11-29,132,77,266,73,266,132
2020-11-29,287,56,145,52,287,145
2020-11-29,304,68,146,66,304,146
2020-11-29,162,79,186,61,162,186
2020-11-29,295,82,197,53,295,197
2020-11-29,169,77,207,59,169,207
2020-11-29,152,91,216,77,152,216
2020-11-29,153,86,234,64,153,234
2020-11-29,133,67,241,59,133,241
2020-11-29,242,84,260,71,242,260
2020-11-29,263,63,2,45,2,263
2020-11-29,267,69,305,58,305,267
2020-11-29,337,76,271,58,337,271
2020-11-30,202,78,320,51,320,202
2020-11-30,294,78,65,76,65,294
2020-11-30,147,76,76,66,76,147
2020-11-30,312,63,17,55,312,17
2020-11-30,29,78,10,76,10,29
2020-11-30,50,62,293,54,293,50
2020-11-30,355,99,80,96,355,80
2020-11-30,113,73,87,58,113,87
2020-11-30,167,86,102,69,167,102
2020-11-30,125,79,237,58,237,125
2020-11-30,264,86,127,64,264,127
2020-11-30,175,67,156,64,175,156
2020-11-30,135,62,315,58,135,315
2020-11-30,41,60,199,49,41,199
2020-11-30,193,70,227,58,193,227
2020-11-30,40,76,263,65,40,263
2020-11-30,140,96,273,43,140,273
2020-11-30,281,97,27,93,27,281
2020-11-30,282,82,4,64,4,282
2020-11-30,249,91,296,54,249,296
2020-11-30,297,76,354,74,354,297
2020-11-30,177,68,298,51,177,298
2020-12-01,351,82,107,42,351,107
2020-12-01,172,75,75,69,75,172
2020-12-01,134,65,138,62,138,134
2020-12-01,63,94,192,67,63,192
2020-12-01,335,87,109,53,109,335
2020-12-01,202,67,282,63,282,202
2020-12-01,336,76,280,51,336,280
2020-12-01,294,66,125,44,125,294
2020-12-01,32,93,194,85,194,32
2020-12-01,309,57,340,42,340,309
2020-12-01,85,96,46,76,85,46
2020-12-01,301,70,54,61,301,54
2020-12-01,237,63,65,62,237,65
2020-12-01,66,66,79,63,66,79
2020-12-01,108,82,98,78,98,108
2020-12-01,331,84,149,71,331,149
2020-12-01,106,88,178,49,106,178
2020-12-01,190,78,99,71,99,190
2020-12-01,4,86,320,74,4,320
2020-12-01,254,73,199,50,254,199
2020-12-01,203,70,48,63,48,203
2020-12-01,238,93,218,50,238,218
2020-12-01,222,70,160,62,160,222
2020-12-01,191,76,269,69,191,269
2020-12-01,321,79,19,53,19,321
2020-12-01,255,82,285,68,255,285
2020-12-01,122,66,332,50,122,332
2020-12-01,153,75,346,54,153,346
2020-12-01,350,75,318,67,318,350
2020-12-02,104,87,343,82,104,343
2020-12-02,21,82,121,69,21,121
2020-12-02,294,69,202,67,202,294
2020-12-02,179,83,225,75,179,225
2020-12-02,92,86,207,58,92,207
2020-12-02,220,77,184,44,220,184
2020-12-02,215,92,14,49,215,14
2020-12-02,166,83,15,54,166,15
2020-12-02,88,76,16,69,88,16
2020-12-02,171,84,20,65,171,20
2020-12-02,262,53,38,47,262,38
2020-12-02,65,77,320,73,320,65
2020-12-02,80,95,322,78,322,80
2020-12-02,291,93,84,87,291,84
2020-12-02,271,76,91,57,271,91
2020-12-02,109,66,86,61,86,109
2020-12-02,249,102,116,75,249,116
2020-12-02,354,94,124,83,354,124
2020-12-02,125,79,282,63,282,125
2020-12-02,306,73,136,48,306,136
2020-12-02,52,67,146,55,52,146
2020-12-02,150,66,197,63,197,150
2020-12-02,227,74,183,70,227,183
2020-12-02,173,78,187,61,173,187
2020-12-02,76,81,318,68,76,318
2020-12-02,72,74,205,73,72,205
2020-12-02,223,80,200,66,200,223
2020-12-02,348,85,224,80,348,224
2020-12-02,341,59,226,55,341,226
2020-12-02,131,78,235,65,131,235
2020-12-02,4,88,237,71,4,237
2020-12-02,74,66,240,48,74,240
2020-12-02,260,85,193,60,193,260
2020-12-02,242,76,264,63,242,264
2020-12-02,53,75,268,38,53,268
2020-12-02,270,71,129,68,129,270
2020-12-02,273,81,36,80,36,273
2020-12-02,275,87,272,79,272,275
2020-12-02,248,73,212,53,212,248
2020-12-02,19,74,281,68,19,281
2020-12-02,295,73,288,66,295,288
2020-12-02,355,79,293,48,355,293
2020-12-02,324,62,296,59,324,296
2020-12-02,13,72,323,60,13,323
2020-12-02,229,72,330,69,229,330
2020-12-03,128,99,345,58,128,345
2020-12-03,337,64,331,57,337,331
2020-12-03,12,70,41,62,41,12
2020-12-03,79,78,51,56,79,51
2020-12-03,60,61,321,58,321,60
2020-12-03,88,90,27,70,27,88
2020-12-03,250,77,119,55,250,119
2020-12-03,152,78,151,62,152,151
2020-12-03,161,80,353,64,353,161
2020-12-03,188,90,316,59,188,316
2020-12-03,277,64,182,63,277,182
2020-12-03,73,87,192,66,73,192
2020-12-03,286,75,198,45,286,198
2020-12-03,300,78,203,70,300,203
2020-12-03,287,74,216,68,287,216
2020-12-03,74,70,240,58,74,240
2020-12-03,145,78,280,62,145,280
2020-12-03,313,78,263,52,313,263
2020-12-03,214,74,293,65,214,293
2020-12-03,221,105,326,66,221,326
2020-12-03,254,82,297,70,254,297
2020-12-03,327,76,340,62,327,340
2020-12-03,350,80,147,75,147,350
2020-12-04,160,67,351,65,160,351
2020-12-04,75,76,22,54,75,22
2020-12-04,172,83,71,76,172,71
2020-12-04,63,93,136,58,63,136
2020-12-04,336,71,137,64,336,137
2020-12-04,299,80,303,46,299,303
2020-12-04,225,83,264,70,264,225
2020-12-04,166,85,44,68,166,44
2020-12-04,109,80,45,65,109,45
2020-12-04,285,72,86,69,285,86
2020-12-04,102,76,49,65,49,102
2020-12-04,100,98,131,65,100,131
2020-12-04,85,74,132,70,85,132
2020-12-04,156,85,148,61,156,148
2020-12-04,283,86,165,76,283,165
2020-12-04,175,76,205,67,175,205
2020-12-04,177,69,208,63,177,208
2020-12-04,162,90,255,57,162,255
2020-12-04,260,88,37,60,37,260
2020-12-04,17,90,266,81,17,266
2020-12-04,270,88,30,84,30,270
2020-12-04,36,83,273,66,36,273
2020-12-04,169,82,284,60,169,284
2020-12-04,305,79,323,64,305,323
2020-12-04,301,91,81,74,81,301
2020-12-04,238,68,332,61,238,332
2020-12-05,134,65,206,61,134,206
2020-12-05,115,77,267,67,115,267
2020-12-05,253,107,14,54,253,14
2020-12-05,19,67,328,64,328,19
2020-12-05,215,111,51,66,215,51
2020-12-05,98,85,61,69,98,61
2020-12-05,79,93,107,91,107,79
2020-12-05,11,70,82,67,11,82
2020-12-05,237,79,87,67,237,87
2020-12-05,95,81,47,57,47,95
2020-12-05,101,72,322,69,322,101
2020-12-05,250,73,119,57,250,119
2020-12-05,20,68,122,66,20,122
2020-12-05,187,76,123,65,187,123
2020-12-05,298,72,124,64,298,124
2020-12-05,127,82,113,74,113,127
2020-12-05,2,59,143,44,2,143
2020-12-05,13,86,146,50,13,146
2020-12-05,159,68,25,65,25,159
2020-12-05,353,71,170,47,353,170
2020-12-05,277,75,182,74,277,182
2020-12-05,330,60,186,42,330,186
2020-12-05,192,65,248,63,248,192
2020-12-05,320,68,135,58,135,320
2020-12-05,112,85,207,74,112,207
2020-12-05,231,89,212,59,231,212
2020-12-05,50,79,214,72,50,214
2020-12-05,222,84,218,71,222,218
2020-12-05,232,86,233,73,232,233
2020-12-05,77,63,241,50,77,241
2020-12-05,243,86,116,64,116,243
2020-12-05,286,87,245,52,286,245
2020-12-05,257,96,23,83,23,257
2020-12-05,317,77,268,56,317,268
2020-12-05,249,66,66,64,66,249
2020-12-05,1,69,288,48,1,288
2020-12-06,172,79,347,61,172,347
2020-12-06,343,80,99,71,99,343
2020-12-06,335,68,294,64,294,335
2020-12-06,299,81,105,40,299,105
2020-12-06,103,79,138,62,103,138
2020-12-06,22,84,117,63,117,22
2020-12-06,159,64,25,60,159,25
2020-12-06,29,86,34,78,29,34
2020-12-06,313,76,41,56,313,41
2020-12-06,309,83,70,63,70,309
2020-12-06,147,86,44,83,147,44
2020-12-06,171,80,312,58,171,312
2020-12-06,46,79,345,73,345,46
2020-12-06,219,101,54,46,219,54
2020-12-06,74,69,61,54,74,61
2020-12-06,217,78,71,70,217,71
2020-12-06,16,63,141,59,16,141
2020-12-06,151,92,216,83,216,151
2020-12-06,140,86,152,55,140,152
2020-12-06,346,96,178,69,346,178
2020-12-06,179,72,348,62,348,179
2020-12-06,240,64,194,58,240,194
2020-12-06,221,82,287,78,287,221
2020-12-06,259,65,230,60,259,230
2020-12-06,148,80,263,75,148,263
2020-12-06,264,98,229,92,229,264
2020-12-06,282,78,203,46,203,282
2020-12-06,88,86,284,40,88,284
2020-12-06,281,89,285,66,281,285
2020-12-06,344,76,293,75,344,293
2020-12-06,295,81,324,68,295,324
2020-12-06,306,77,303,55,306,303
2020-12-06,354,76,226,73,226,354
2020-12-06,355,77,52,69,52,355
2020-12-07,244,77,352,72,244,352
2020-12-07,50,80,173,70,173,50
2020-12-07,225,69,82,52,225,82
2020-12-07,109,67,86,54,109,86
2020-12-07,90,79,207,77,207,90
2020-12-07,314,92,98,81,314,98
2020-12-07,200,76,108,64,200,108
2020-12-07,272,82,146,77,272,146
2020-12-07,311,69,156,58,311,156
2020-12-07,80,71,184,68,80,184
2020-12-07,55,78,204,71,55,204
2020-12-07,77,88,319,78,77,319
2020-12-07,11,96,210,53,11,210
2020-12-07,49,78,268,40,49,268
2020-12-08,128,93,202,80,128,202
2020-12-08,134,73,63,72,134,63
2020-12-08,121,83,75,68,75,121
2020-12-08,290,56,57,47,290,57
2020-12-08,229,75,337,55,337,229
2020-12-08,247,79,286,69,247,286
2020-12-08,220,90,217,85,217,220
2020-12-08,187,87,18,57,187,18
2020-12-08,20,79,212,70,212,20
2020-12-08,175,85,27,80,175,27
2020-12-08,32,101,279,82,279,32
2020-12-08,321,91,308,56,321,308
2020-12-08,42,80,131,78,131,42
2020-12-08,253,88,44,65,253,44
2020-12-08,45,94,87,87,87,45
2020-12-08,99,80,61,48,99,61
2020-12-08,314,76,68,61,314,68
2020-12-08,160,82,107,68,160,107
2020-12-08,327,75,120,59,327,120
2020-12-08,177,82,130,59,177,130
2020-12-08,137,80,71,66,71,137
2020-12-08,166,94,178,57,166,178
2020-12-08,100,63,182,50,100,182
2020-12-08,185,83,127,72,127,185
2020-12-08,149,77,203,60,149,203
2020-12-08,66,66,214,60,66,214
2020-12-08,222,83,224,78,222,224
2020-12-08,169,58,238,54,169,238
2020-12-08,281,82,245,79,281,245
2020-12-08,186,75,280,57,186,280
2020-12-08,271,73,284,62,271,284
2020-12-08,23,79,292,64,23,292
2020-12-08,254,73,325,61,254,325
2020-12-08,264,78,338,45,264,338
2020-12-09,21,83,283,52,21,283
2020-12-09,351,73,242,62,351,242
2020-12-09,294,74,298,53,294,298
2020-12-09,299,51,1,44,299,1
2020-12-09,244,78,213,68,244,213
2020-12-09,92,69,125,67,92,125
2020-12-09,14,75,15,74,15,14
2020-12-09,26,74,19,70,19,26
2020-12-09,279,93,32,91,279,32
2020-12-09,11,85,38,60,11,38
2020-12-09,230,74,41,62,230,41
2020-12-09,42,79,197,70,197,42
2020-12-09,87,79,45,71,87,45
2020-12-09,50,77,22,68,22,50
2020-12-09,154,88,51,51,154,51
2020-12-09,354,83,70,61,354,70
2020-12-09,84,68,79,65,84,79
2020-12-09,225,87,89,66,225,89
2020-12-09,52,78,95,73,52,95
2020-12-09,103,75,191,64,191,103
2020-12-09,341,61,119,58,341,119
2020-12-09,143,63,151,60,151,143
2020-12-09,179,69,145,60,179,145
2020-12-09,161,84,47,72,47,161
2020-12-09,53,67,162,51,53,162
2020-12-09,330,95,203,59,330,203
2020-12-09,355,99,221,77,355,221
2020-12-09,231,71,215,70,215,231
2020-12-09,237,79,287,70,287,237
2020-12-09,313,83,258,56,313,258
2020-12-09,262,76,37,69,37,262
2020-12-09,340,73,263,41,340,263
2020-12-09,146,80,272,74,146,272
2020-12-09,152,78,273,69,152,273
2020-12-09,13,79,274,44,13,274
2020-12-09,332,80,248,58,332,248
2020-12-09,304,58,276,38,304,276
2020-12-09,277,81,329,71,329,277
2020-12-09,113,72,285,67,113,285
2020-12-09,171,91,301,71,171,301
2020-12-09,170,67,345,57,170,345
2020-12-10,259,80,12,68,12,259
2020-12-10,309,74,210,50,210,309
2020-12-10,346,86,96,84,346,96
2020-12-10,176,80,130,45,176,130
2020-12-10,260,107,148,62,260,148
2020-12-10,175,90,315,61,175,315
2020-12-10,131,77,197,70,131,197
2020-12-10,61,86,318,80,61,318
2020-12-10,205,75,269,71,269,205
2020-12-10,270,77,206,75,270,206
2020-12-10,77,73,207,67,77,207
2020-12-10,232,87,226,86,226,232
2020-12-10,324,68,296,64,296,324
2020-12-10,303,62,201,57,201,303
2020-12-11,128,105,129,77,128,129
2020-12-11,134,95,192,50,134,192
2020-12-11,63,98,191,74,63,191
2020-12-11,335,76,99,63,99,335
2020-12-11,343,62,208,50,343,208
2020-12-11,10,61,49,57,49,10
2020-12-11,68,68,98,65,68,98
2020-12-11,65,77,101,45,65,101
2020-12-11,127,70,86,42,86,127
2020-12-11,43,81,159,72,43,159
2020-12-11,313,69,160,60,313,160
2020-12-11,135,76,174,75,135,174
2020-12-11,275,70,187,66,275,187
2020-12-11,106,87,193,77,106,193
2020-12-11,255,70,198,54,255,198
2020-12-11,164,94,209,79,164,209
2020-12-11,245,82,158,64,158,245
2020-12-11,254,96,261,61,254,261
2020-12-11,47,90,268,63,47,268
2020-12-11,206,74,269,67,206,269
2020-12-11,270,74,205,62,205,270
2020-12-11,264,77,281,68,264,281
2020-12-12,179,81,121,78,179,121
2020-12-12,290,65,52,56,290,52
2020-12-12,202,73,204,67,202,204
2020-12-12,299,77,296,57,299,296
2020-12-12,92,83,88,71,92,88
2020-12-12,306,65,78,61,78,306
2020-12-12,304,67,14,56,304,14
2020-12-12,23,81,146,71,146,23
2020-12-12,40,89,230,84,230,40
2020-12-12,156,81,311,76,156,311
2020-12-12,13,100,44,75,13,44
2020-12-12,53,64,4,56,4,53
2020-12-12,71,67,347,57,347,71
2020-12-12,72,73,70,70,70,72
2020-12-12,221,85,89,54,221,89
2020-12-12,91,66,169,62,169,91
2020-12-12,207,80,85,77,207,85
2020-12-12,231,67,96,50,231,96
2020-12-12,317,80,112,67,317,112
2020-12-12,38,76,119,66,38,119
2020-12-12,20,82,123,66,20,123
2020-12-12,238,80,126,68,238,126
2020-12-12,86,67,127,52,86,127
2020-12-12,141,58,74,48,74,141
2020-12-12,150,61,152,56,150,152
2020-12-12,159,56,43,52,43,159
2020-12-12,17,74,166,71,17,166
2020-12-12,66,85,177,82,66,177
2020-12-12,301,64,315,57,301,315
2020-12-12,255,53,198,49,255,198
2020-12-12,176,78,319,58,176,319
2020-12-12,206,53,205,52,205,206
2020-12-12,217,64,138,63,138,217
2020-12-12,222,67,348,64,348,222
2020-12-12,330,77,223,54,330,223
2020-12-12,225,74,340,71,340,225
2020-12-12,158,87,245,77,158,245
2020-12-12,100,79,257,75,100,257
2020-12-12,266,76,276,75,276,266
2020-12-12,269,91,270,78,269,270
2020-12-12,151,66,283,55,151,283
2020-12-12,32,81,285,72,32,285
2020-12-12,286,101,27,63,27,286
2020-12-12,118,69,292,66,118,292
2020-12-12,287,73,295,55,295,287
2020-12-12,11,69,325,61,11,325
2020-12-12,19,82,327,64,19,327
2020-12-12,46,84,332,79,46,332
2020-12-12,344,104,203,98,203,344
2020-12-12,79,92,345,88,79,345
2020-12-12,350,95,322,77,322,350
2020-12-12,271,58,352,56,271,352
2020-12-12,354,93,329,88,329,354
2020-12-13,128,106,212,53,128,212
2020-12-13,172,109,218,91,172,218
2020-12-13,343,87,244,71,343,244
2020-12-13,220,67,54,61,220,54
2020-12-13,12,71,106,70,106,12
2020-12-13,73,81,2,53,73,2
2020-12-13,331,79,108,64,331,108
2020-12-13,317,90,112,84,317,112
2020-12-13,131,60,268,58,268,131
2020-12-13,132,73,293,67,293,132
2020-12-13,154,77,122,66,122,154
2020-12-13,314,66,61,49,61,314
2020-12-13,209,78,164,75,209,164
2020-12-13,167,77,101,75,101,167
2020-12-13,174,71,347,63,347,174
2020-12-13,333,84,178,41,333,178
2020-12-13,195,72,243,61,243,195
2020-12-13,318,64,200,47,318,200
2020-12-13,125,87,201,52,125,201
2020-12-13,137,92,214,73,137,214
2020-12-13,161,81,219,67,161,219
2020-12-13,171,62,229,58,171,229
2020-12-13,341,69,233,60,341,233
2020-12-13,346,68,242,65,346,242
2020-12-13,41,72,260,70,41,260
2020-12-13,37,75,261,71,37,261
2020-12-13,99,97,281,94,99,281
2020-12-13,26,70,342,59,26,342
2020-12-13,350,107,322,77,322,350
2020-12-13,353,85,29,67,29,353
2020-12-13,357,79,25,65,25,357
2020-12-14,160,89,63,84,63,160
2020-12-14,247,74,162,60,162,247
2020-12-14,176,68,44,54,176,44
2020-12-14,184,75,80,62,184,80
2020-12-14,241,67,149,66,241,149
2020-12-14,193,79,258,72,258,193
2020-12-14,58,91,210,52,58,210
2020-12-14,57,81,211,45,57,211
2020-12-14,140,88,256,66,140,256
2020-12-14,349,85,98,84,98,349
2020-12-15,290,79,10,38,290,10
2020-12-15,351,77,154,63,351,154
2020-12-15,121,92,175,65,121,175
2020-12-15,92,74,103,61,92,103
2020-12-15,337,66,53,60,337,53
2020-12-15,208,81,14,56,208,14
2020-12-15,34,90,170,62,170,34
2020-12-15,49,63,65,52,65,49
2020-12-15,123,91,51,62,123,51
2020-12-15,352,88,55,77,352,55
2020-12-15,254,80,82,75,254,82
2020-12-15,89,76,18,70,18,89
2020-12-15,284,78,90,69,284,90
2020-12-15,4,83,95,80,4,95
2020-12-15,78,65,96,60,78,96
2020-12-15,113,96,181,88,181,113
2020-12-15,243,90,116,79,243,116
2020-12-15,253,78,126,59,253,126
2020-12-15,152,85,130,58,152,130
2020-12-15,135,74,129,65,129,135
2020-12-15,241,62,149,53,241,149
2020-12-15,150,73,197,63,150,197
2020-12-15,145,82,268,52,145,268
2020-12-15,318,65,322,57,318,322
2020-12-15,84,66,272,63,84,272
2020-12-15,295,69,273,52,295,273
2020-12-15,276,66,143,63,143,276
2020-12-15,278,81,3,74,3,278
2020-12-15,279,91,45,86,45,279
2020-12-15,282,82,40,71,40,282
2020-12-15,298,51,296,46,298,296
2020-12-15,17,80,297,63,17,297
2020-12-15,327,75,329,67,327,329
2020-12-15,330,93,344,68,330,344
2020-12-15,348,69,305,65,305,348
2020-12-16,335,85,35,66,335,35
2020-12-16,294,79,256,63,294,256
2020-12-16,238,67,220,60,238,220
2020-12-16,75,75,217,65,217,75
2020-12-16,83,66,42,56,83,42
2020-12-16,177,81,44,65,177,44
2020-12-16,249,70,77,55,249,77
2020-12-16,85,85,91,69,91,85
2020-12-16,105,78,151,61,151,105
2020-12-16,23,64,136,53,23,136
2020-12-16,139,75,251,55,251,139
2020-12-16,164,85,141,66,141,164
2020-12-16,166,80,304,74,304,166
2020-12-16,102,88,167,81,102,167
2020-12-16,176,70,173,51,173,176
2020-12-16,182,66,340,58,340,182
2020-12-16,57,91,192,49,57,192
2020-12-16,50,69,317,66,50,317
2020-12-16,286,62,209,56,286,209
2020-12-16,211,83,70,75,70,211
2020-12-16,221,79,224,65,221,224
2020-12-16,231,70,169,55,169,231
2020-12-16,244,78,333,67,333,244
2020-12-16,303,79,257,71,303,257
2020-12-16,258,70,37,61,37,258
2020-12-16,271,74,52,71,52,271
2020-12-16,306,88,274,46,306,274
2020-12-16,45,78,279,59,45,279
2020-12-16,132,74,293,50,132,293
2020-12-16,287,77,222,76,222,287
2020-12-16,325,76,12,63,12,325
2020-12-16,226,73,326,61,226,326
2020-12-16,301,96,161,87,161,301
2020-12-16,32,74,338,62,32,338
2020-12-16,349,75,108,58,108,349
2020-12-17,134,58,299,57,299,134
2020-12-17,63,94,281,76,281,63
2020-12-17,156,51,308,48,156,308
2020-12-17,55,99,69,73,55,69
2020-12-17,277,85,72,78,277,72
2020-12-17,208,85,116,55,208,116
2020-12-17,30,83,130,60,30,130
2020-12-17,251,87,139,72,251,139
2020-12-17,354,82,192,78,354,192
2020-12-17,253,80,188,69,253,188
2020-12-17,275,85,205,64,275,205
2020-12-17,74,81,252,77,74,252
2020-12-17,225,74,260,64,225,260
2020-12-17,264,70,160,63,160,264
2020-12-17,32,81,338,75,32,338
2020-12-18,343,70,129,65,343,129
2020-12-18,290,103,293,49,290,293
2020-12-18,19,72,259,62,259,19
2020-12-18,193,74,2,57,193,2
2020-12-18,23,88,292,63,292,23
2020-12-18,29,85,246,65,246,29
2020-12-18,347,76,46,61,347,46
2020-12-18,212,64,51,54,212,51
2020-12-18,65,67,242,58,242,65
2020-12-18,73,75,269,57,269,73
2020-12-18,198,68,86,51,198,86
2020-12-18,103,74,89,64,103,89
2020-12-18,117,81,108,76,117,108
2020-12-18,327,79,119,41,327,119
2020-12-18,127,70,245,56,245,127
2020-12-18,341,82,183,54,341,183
2020-12-18,319,80,200,72,200,319
2020-12-18,275,62,205,50,275,205
2020-12-18,328,63,211,50,328,211
2020-12-18,305,82,216,55,305,216
2020-12-18,244,75,154,73,154,244
2020-12-18,181,78,255,76,181,255
2020-12-18,235,62,268,56,235,268
2020-12-18,248,69,184,65,184,248
2020-12-18,291,69,272,67,272,291
2020-12-18,96,88,331,77,96,331
2020-12-18,342,94,233,66,233,342
2020-12-18,344,76,47,70,47,344
2020-12-19,104,99,128,88,104,128
2020-12-19,21,100,135,69,135,21
2020-12-19,335,88,252,68,335,252
2020-12-19,351,85,153,48,351,153
2020-12-19,312,86,92,74,92,312
2020-12-19,220,77,313,70,220,313
2020-12-19,202,75,138,63,138,202
2020-12-19,282,78,11,75,282,11
2020-12-19,126,67,20,57,126,20
2020-12-19,286,107,34,96,286,34
2020-12-19,125,68,35,60,125,35
2020-12-19,156,76,37,52,156,37
2020-12-19,41,87,40,56,41,40
2020-12-19,311,75,230,63,230,311
2020-12-19,188,69,42,50,188,42
2020-12-19,50,69,306,66,306,50
2020-12-19,100,83,52,68,100,52
2020-12-19,300,91,149,89,149,300
2020-12-19,54,63,239,61,239,54
2020-12-19,254,53,58,33,254,58
2020-12-19,337,97,61,57,337,61
2020-12-19,141,71,68,61,141,68
2020-12-19,74,85,87,68,87,74
2020-12-19,82,80,210,64,210,82
2020-12-19,198,81,86,61,198,86
2020-12-19,350,87,95,71,350,95
2020-12-19,101,103,85,99,85,101
2020-12-19,304,77,105,65,304,105
2020-12-19,112,71,349,49,349,112
2020-12-19,278,77,113,69,278,113
2020-12-19,221,84,116,65,221,116
2020-12-19,127,72,245,64,245,127
2020-12-19,169,73,131,64,169,131
2020-12-19,77,73,133,64,77,133
2020-12-19,152,86,143,57,152,143
2020-12-19,276,60,151,47,276,151
2020-12-19,109,63,157,60,109,157
2020-12-19,159,61,158,39,158,159
2020-12-19,314,65,7,64,7,314
2020-12-19,150,75,165,65,150,165
2020-12-19,30,69,170,68,30,170
2020-12-19,174,68,107,65,107,174
2020-12-19,66,65,176,62,66,176
2020-12-19,289,72,189,60,289,189
2020-12-19,49,76,203,72,49,203
2020-12-19,318,71,83,64,83,318
2020-12-19,180,94,216,67,180,216
2020-12-19,122,74,218,72,122,218
2020-12-19,225,80,232,41,225,232
2020-12-19,238,88,217,78,217,238
2020-12-19,333,59,241,50,333,241
2020-12-19,256,82,243,69,256,243
2020-12-19,255,78,181,76,181,255
2020-12-19,257,65,136,63,136,257
2020-12-19,308,85,258,53,308,258
2020-12-19,5,93,266,90,5,266
2020-12-19,285,73,25,59,25,285
2020-12-19,298,70,70,68,70,298
2020-12-19,17,77,303,41,17,303
2020-12-19,301,71,332,57,301,332
2020-12-19,346,73,4,71,4,346
2020-12-19,353,93,71,70,71,353
2020-12-19,214,79,357,64,214,357
2020-12-20,215,79,172,65,215,172
2020-12-20,115,88,8,55,115,8
2020-12-20,63,76,60,74,60,63
2020-12-20,294,77,222,74,294,222
2020-12-20,247,91,121,88,247,121
2020-12-20,2,68,193,66,193,2
2020-12-20,73,111,51,67,73,51
2020-12-20,54,89,239,80,239,54
2020-12-20,103,97,69,69,103,69
2020-12-20,281,94,99,83,281,99
2020-12-20,260,68,106,65,260,106
2020-12-20,129,60,130,45,129,130
2020-12-20,109,65,157,50,109,157
2020-12-20,159,72,158,67,158,159
2020-12-20,355,91,160,88,355,160
2020-12-20,314,65,7,60,7,314
2020-12-20,174,74,107,62,107,174
2020-12-20,223,66,209,62,223,209
2020-12-20,122,90,218,73,122,218
2020-12-20,13,87,224,76,13,224
2020-12-20,237,80,264,77,264,237
2020-12-20,161,85,246,71,161,246
2020-12-20,175,90,253,82,175,253
2020-12-20,285,80,25,70,25,285
2020-12-20,57,92,340,69,57,340
2020-12-20,233,74,342,72,233,342
2020-12-20,345,81,291,63,291,345
2020-12-20,353,85,71,72,71,353
2020-12-20,357,70,214,60,214,357
2020-12-21,104,95,216,57,104,216
2020-12-21,21,99,14,42,21,14
2020-12-21,290,102,252,66,290,252
2020-12-21,92,72,96,59,92,96
2020-12-21,337,84,149,58,337,149
2020-12-21,180,85,147,77,180,147
2020-12-21,23,72,84,63,84,23
2020-12-21,32,93,164,88,164,32
2020-12-21,282,63,38,50,282,38
2020-12-21,102,72,47,55,102,47
2020-12-21,108,67,48,55,48,108
2020-12-21,135,70,131,46,135,131
2020-12-21,177,87,178,48,177,178
2020-12-21,53,66,184,51,53,184
2020-12-21,185,65,68,59,68,185
2020-12-21,18,74,187,70,18,187
2020-12-21,26,77,195,53,26,195
2020-12-21,243,73,197,62,243,197
2020-12-21,319,78,42,59,42,319
2020-12-21,341,90,234,62,341,234
2020-12-21,338,74,251,46,338,251
2020-12-21,256,69,324,66,324,256
2020-12-21,328,107,261,62,328,261
2020-12-21,95,118,268,52,95,268
2020-12-21,275,76,35,73,35,275
2020-12-21,19,87,297,71,19,297
2020-12-21,298,70,210,65,210,298
2020-12-21,305,56,166,49,166,305
2020-12-21,316,73,334,65,316,334
2020-12-21,97,68,331,66,97,331
2020-12-21,295,70,352,52,295,352
2020-12-22,104,95,216,78,104,216
2020-12-22,134,79,343,65,134,343
2020-12-22,128,70,238,55,128,238
2020-12-22,115,76,289,50,115,289
2020-12-22,351,67,191,53,351,191
2020-12-22,179,54,30,53,179,30
2020-12-22,299,69,221,67,221,299
2020-12-22,336,76,349,40,336,349
2020-12-22,188,79,202,76,188,202
2020-12-22,13,85,1,72,13,1
2020-12-22,145,108,8,65,145,8
2020-12-22,17,67,10,53,17,10
2020-12-22,20,76,347,68,347,20
2020-12-22,49,66,98,65,98,49
2020-12-22,50,66,292,63,292,50
2020-12-22,312,75,52,70,312,52
2020-12-22,57,74,106,64,106,57
2020-12-22,58,70,262,57,262,58
2020-12-22,4,85,78,69,4,78
2020-12-22,87,69,86,65,86,87
2020-12-22,91,73,101,60,91,101
2020-12-22,108,70,48,68,48,108
2020-12-22,80,86,112,67,80,112
2020-12-22,113,76,244,71,244,113
2020-12-22,211,69,120,64,211,120
2020-12-22,330,82,133,81,330,133
2020-12-22,162,84,141,71,162,141
2020-12-22,326,88,143,66,326,143
2020-12-22,152,68,151,57,151,152
2020-12-22,153,64,231,54,231,153
2020-12-22,27,78,157,62,27,157
2020-12-22,167,81,136,71,136,167
2020-12-22,11,70,182,64,11,182
2020-12-22,232,62,183,59,232,183
2020-12-22,198,70,7,65,7,198
2020-12-22,161,88,317,67,161,317
2020-12-22,318,86,203,65,203,318
2020-12-22,73,88,205,55,73,205
2020-12-22,287,89,206,82,287,206
2020-12-22,100,76,209,58,100,209
2020-12-22,210,68,70,65,70,210
2020-12-22,301,78,212,55,301,212
2020-12-22,3,90,219,70,3,219
2020-12-22,226,67,233,62,226,233
2020-12-22,300,94,235,82,300,235
2020-12-22,251,86,338,85,338,251
2020-12-22,259,74,254,49,259,254
2020-12-22,41,70,263,65,41,263
2020-12-22,126,72,272,66,126,272
2020-12-22,176,90,291,43,176,291
2020-12-22,346,88,293,68,346,293
2020-12-22,77,68,304,58,77,304
2020-12-22,65,85,333,65,65,333
2020-12-22,334,62,316,53,316,334
2020-12-22,348,82,271,77,271,348
2020-12-23,335,85,160,68,160,335
2020-12-23,290,80,322,60,290,322
2020-12-23,220,80,247,68,220,247
2020-12-23,63,66,355,61,63,355
2020-12-23,121,98,229,81,229,121
2020-12-23,217,81,22,70,217,22
2020-12-23,38,79,230,51,230,38
2020-12-23,127,85,61,65,127,61
2020-12-23,319,87,69,63,319,69
2020-12-23,264,78,99,67,264,99
2020-12-23,120,71,211,56,211,120
2020-12-23,253,62,315,46,253,315
2020-12-23,26,89,195,52,26,195
2020-12-23,189,81,245,66,245,189
2020-12-23,215,74,125,67,125,215
2020-12-23,341,62,216,52,341,216
2020-12-23,35,70,237,64,35,237
2020-12-23,255,70,279,64,279,255
2020-12-23,328,85,261,52,328,261
2020-12-23,273,77,105,70,105,273
2020-12-23,97,70,302,65,97,302
2020-12-23,19,87,342,79,19,342
2020-12-23,67,91,345,72,67,345
2020-12-25,175,102,128,95,175,128
2020-12-25,351,85,172,76,172,351
2020-12-25,171,80,191,69,191,171
2020-12-25,238,73,162,70,238,162
2020-12-26,104,98,336,75,336,104
2020-12-26,115,63,312,54,312,115
2020-12-26,121,69,125,60,121,125
2020-12-26,215,71,220,70,215,220
2020-12-26,302,78,61,73,302,61
2020-12-26,353,67,107,53,353,107
2020-12-26,153,62,138,59,153,138
2020-12-26,140,86,199,80,140,199
2020-12-26,200,68,97,65,97,200
2020-12-26,218,77,71,75,71,218
2020-12-26,246,102,239,88,239,246
2020-12-26,54,87,357,69,54,357
2020-12-27,333,87,8,59,333,8
2020-12-27,314,74,25,67,314,25
2020-12-27,308,75,311,56,308,311
2020-12-27,181,84,43,66,181,43
2020-12-27,237,95,67,90,237,67
2020-12-27,73,81,126,63,126,73
2020-12-27,275,63,84,57,275,84
2020-12-27,353,90,107,77,353,107
2020-12-27,194,77,109,69,194,109
2020-12-27,154,90,123,60,154,123
2020-12-27,285,73,316,58,285,316
2020-12-27,180,79,213,59,213,180
2020-12-27,334,92,189,78,334,189
2020-12-27,218,83,71,80,71,218
2020-12-27,239,87,246,82,239,246
2020-12-27,54,81,357,74,54,357
2020-12-28,104,88,210,58,104,210
2020-12-28,162,70,351,64,351,162
2020-12-28,175,81,172,56,175,172
2020-12-28,25,75,314,69,314,25
2020-12-28,308,73,311,69,308,311
2020-12-28,181,97,43,69,181,43
2020-12-28,11,88,57,74,11,57
2020-12-28,73,73,126,66,126,73
2020-12-28,84,84,275,72,275,84
2020-12-28,58,75,94,53,58,94
2020-12-28,194,53,109,51,194,109
2020-12-28,154,86,123,55,154,123
2020-12-28,285,71,316,64,285,316
2020-12-28,213,85,180,75,213,180
2020-12-28,40,66,196,63,40,196
2020-12-28,189,81,334,80,334,189
2020-12-29,104,112,72,67,104,72
2020-12-29,21,93,44,56,21,44
2020-12-29,305,65,115,64,305,115
2020-12-29,343,73,209,51,343,209
2020-12-29,128,87,215,72,128,215
2020-12-29,299,79,124,51,299,124
2020-12-29,247,81,238,76,247,238
2020-12-29,53,77,92,67,53,92
2020-12-29,337,80,169,78,337,169
2020-12-29,46,87,81,60,81,46
2020-12-29,4,82,176,64,4,176
2020-12-29,135,60,192,58,135,192
2020-12-29,321,86,262,63,321,262
2020-12-29,166,58,271,57,166,271
2020-12-29,143,74,273,64,143,273
2020-12-29,140,77,295,54,140,295
2020-12-29,352,78,167,65,167,352
2020-12-30,21,105,8,76,21,8
2020-12-30,290,73,179,53,179,290
2020-12-30,336,66,217,57,217,336
2020-12-30,220,90,191,54,220,191
2020-12-30,13,97,17,85,17,13
2020-12-30,18,68,292,59,292,18
2020-12-30,188,79,27,76,188,27
2020-12-30,29,83,219,75,219,29
2020-12-30,237,71,35,55,237,35
2020-12-30,350,84,42,83,350,42
2020-12-30,60,82,67,61,60,67
2020-12-30,80,69,79,61,80,79
2020-12-30,88,91,333,72,333,88
2020-12-30,58,81,94,59,58,94
2020-12-30,95,77,50,73,50,95
2020-12-30,108,80,96,69,108,96
2020-12-30,97,93,164,92,164,97
2020-12-30,98,71,93,47,93,98
2020-12-30,141,67,66,65,66,141
2020-12-30,158,65,69,59,69,158
2020-12-30,177,83,100,73,100,177
2020-12-30,23,68,187,55,23,187
2020-12-30,103,72,202,67,103,202
2020-12-30,317,80,149,73,149,317
2020-12-30,125,87,229,85,125,229
2020-12-30,263,84,232,68,263,232
2020-12-30,287,66,234,61,287,234
2020-12-30,241,71,235,65,235,241
2020-12-30,244,80,65,74,65,244
2020-12-30,254,63,250,45,254,250
2020-12-30,264,85,355,68,355,264
2020-12-30,112,63,322,52,112,322
2020-12-30,293,72,272,63,293,272
2020-12-30,249,79,289,71,289,249
2020-12-30,242,63,278,57,242,278
2020-12-30,132,80,291,70,132,291
2020-12-30,330,80,252,64,252,330
2020-12-30,257,84,331,71,257,331
2020-12-30,78,86,344,78,78,344
2020-12-31,351,71,175,59,351,175
2020-12-31,171,84,162,73,162,171
2020-12-31,225,82,41,69,225,41
2020-12-31,11,80,340,53,340,11
2020-12-31,26,106,261,54,261,26
2020-12-31,350,94,42,76,350,42
2020-12-31,57,72,321,62,321,57
2020-12-31,96,80,108,69,108,96
2020-12-31,193,68,195,54,195,193
2020-12-31,149,65,317,55,149,317
2020-12-31,210,78,119,65,119,210
2020-12-31,235,65,241,63,235,241
2020-12-31,260,70,258,62,260,258
2020-12-31,322,60,112,51,112,322
2020-12-31,313,72,327,70,313,327
2020-12-31,328,83,2,48,2,328
2021-01-01,151,84,15,72,151,15
2021-01-01,148,90,38,89,148,38
2021-01-01,311,81,39,63,311,39
2021-01-01,54,65,118,62,118,54
2021-01-01,55,81,102,69,55,102
2021-01-01,357,84,107,77,357,107
2021-01-01,214,75,239,68,214,239
2021-01-01,131,62,136,57,136,131
2021-01-01,3,66,137,62,3,137
2021-01-01,146,77,145,70,146,145
2021-01-01,152,75,161,68,152,161
2021-01-01,246,67,174,64,246,174
2021-01-01,159,63,198,61,159,198
2021-01-01,85,82,223,67,85,223
2021-01-01,245,70,86,62,86,245
2021-01-01,43,70,255,58,43,255
2021-01-01,266,88,101,59,101,266
2021-01-01,147,102,323,93,147,323
2021-01-01,276,74,325,66,276,325
2021-01-01,243,95,326,86,243,326
2021-01-01,150,83,298,77,150,298
2021-01-01,303,69,10,56,10,303
2021-01-01,346,67,49,63,49,346
2021-01-01,353,90,218,51,218,353
2021-01-02,104,85,260,62,104,260
2021-01-02,21,76,129,65,129,21
2021-01-02,294,84,134,59,134,294
2021-01-02,4,71,290,63,290,4
2021-01-02,221,75,343,71,221,343
2021-01-02,128,77,247,75,247,128
2021-01-02,63,67,237,65,237,63
2021-01-02,179,81,13,68,13,179
2021-01-02,222,82,299,77,299,222
2021-01-02,121,66,238,58,121,238
2021-01-02,172,84,191,77,191,172
2021-01-02,225,73,282,56,225,282
2021-01-02,7,63,334,62,334,7
2021-01-02,11,86,341,82,341,11
2021-01-02,151,62,15,55,151,15
2021-01-02,56,101,16,57,56,16
2021-01-02,295,68,17,66,295,17
2021-01-02,23,90,291,69,291,23
2021-01-02,109,76,25,56,109,25
2021-01-02,26,87,261,86,261,26
2021-01-02,29,68,212,42,212,29
2021-01-02,190,78,33,69,190,33
2021-01-02,264,68,35,60,264,35
2021-01-02,38,89,148,76,148,38
2021-01-02,311,65,39,61,311,39
2021-01-02,226,73,41,64,226,41
2021-01-02,44,81,165,67,165,44
2021-01-02,271,68,312,61,271,312
2021-01-02,331,84,50,79,331,50
2021-01-02,53,66,169,65,169,53
2021-01-02,54,59,118,49,118,54
2021-01-02,68,70,47,67,68,47
2021-01-02,313,65,57,62,313,57
2021-01-02,58,70,259,67,259,58
2021-01-02,269,93,70,54,269,70
2021-01-02,76,75,98,63,98,76
2021-01-02,304,60,77,56,304,77
2021-01-02,78,71,318,61,318,78
2021-01-02,80,80,18,75,18,80
2021-01-02,209,75,83,52,209,83
2021-01-02,267,78,89,71,267,89
2021-01-02,141,89,93,52,141,93
2021-01-02,66,74,97,65,66,97
2021-01-02,102,70,55,62,55,102
2021-01-02,105,66,6,49,6,105
2021-01-02,107,79,357,69,357,107
2021-01-02,180,84,126,74,180,126
2021-01-02,214,70,239,68,214,239
2021-01-02,131,72,136,66,136,131
2021-01-02,138,78,177,73,177,138
2021-01-02,144,90,142,89,144,142
2021-01-02,1,83,143,65,1,143
2021-01-02,145,66,146,50,146,145
2021-01-02,88,83,140,79,88,140
2021-01-02,153,76,27,64,27,153
2021-01-02,160,64,99,60,99,160
2021-01-02,161,80,152,73,152,161
2021-01-02,95,83,167,80,95,167
2021-01-02,14,92,178,52,14,178
2021-01-02,205,52,315,45,205,315
2021-01-02,184,61,187,56,187,184
2021-01-02,193,84,195,74,195,193
2021-01-02,157,59,194,56,157,194
2021-01-02,283,78,197,67,283,197
2021-01-02,198,86,159,72,159,198
2021-01-02,189,73,316,67,316,189
2021-01-02,203,97,268,86,268,203
2021-01-02,206,68,345,50,345,206
2021-01-02,154,57,208,49,154,208
2021-01-02,210,83,119,78,119,210
2021-01-02,211,64,182,62,182,211
2021-01-02,84,65,213,61,84,213
2021-01-02,116,99,216,93,116,216
2021-01-02,202,66,217,65,202,217
2021-01-02,219,78,20,68,20,219
2021-01-02,223,71,85,66,85,223
2021-01-02,224,95,192,83,192,224
2021-01-02,86,72,245,56,86,245
2021-01-02,43,63,255,60,43,255
2021-01-02,256,84,199,81,199,256
2021-01-02,352,94,257,84,352,257
2021-01-02,101,62,266,49,101,266
2021-01-02,278,69,244,66,244,278
2021-01-02,272,83,292,79,272,292
2021-01-02,79,87,293,81,79,293
2021-01-02,147,75,323,62,147,323
2021-01-02,287,67,135,60,135,287
2021-01-02,325,77,276,62,276,325
2021-01-02,243,84,326,69,243,326
2021-01-02,298,71,150,59,150,298
2021-01-02,301,70,347,59,347,301
2021-01-02,10,90,303,59,10,303
2021-01-02,305,70,52,66,52,305
2021-01-02,321,64,327,46,321,327
2021-01-02,328,72,2,53,2,328
2021-01-02,342,70,329,62,342,329
2021-01-02,49,75,346,71,49,346
2021-01-02,348,83,176,79,176,348
2021-01-02,113,61,349,56,113,349
2021-01-02,218,81,353,71,218,353
2021-01-02,354,78,94,74,94,354
2021-01-03,115,74,249,60,249,115
2021-01-03,171,85,215,66,171,215
2021-01-03,175,77,220,60,175,220
2021-01-03,334,74,7,66,334,7
2021-01-03,16,75,56,73,56,16
2021-01-03,109,77,25,74,109,25
2021-01-03,47,66,68,59,68,47
2021-01-03,269,79,70,57,269,70
2021-01-03,98,75,76,73,98,76
2021-01-03,209,66,83,58,209,83
2021-01-03,180,70,126,66,180,126
2021-01-03,142,82,144,70,142,144
2021-01-03,315,77,205,53,205,315
2021-01-03,265,78,181,77,265,181
2021-01-03,185,80,133,73,133,185
2021-01-03,190,63,33,60,33,190
2021-01-03,194,62,157,58,157,194
2021-01-03,316,74,189,60,316,189
2021-01-03,203,73,268,66,268,203
2021-01-03,206,78,345,67,345,206
2021-01-03,84,70,213,64,84,213
2021-01-03,224,86,192,75,192,224
2021-01-03,242,85,252,77,242,252
2021-01-03,73,73,275,55,73,275
2021-01-03,103,70,339,54,103,339
2021-01-03,113,82,349,73,113,349
2021-01-04,343,87,222,84,222,343
2021-01-04,28,83,114,76,114,28
2021-01-04,42,70,96,61,96,42
2021-01-04,259,78,58,65,259,58
2021-01-04,61,86,69,78,61,69
2021-01-04,241,79,108,66,241,108
2021-01-04,130,60,6,44,6,130
2021-01-04,322,71,149,69,322,149
2021-01-04,125,63,162,55,125,162
2021-01-04,265,76,181,62,265,181
2021-01-04,182,56,211,54,182,211
2021-01-04,73,86,275,55,73,275
2021-01-04,282,81,226,71,226,282
2021-01-04,350,85,48,69,48,350
2021-01-04,94,81,354,61,94,354
2021-01-05,294,78,129,72,294,129
2021-01-05,134,93,287,64,287,134
2021-01-05,177,78,179,63,177,179
2021-01-05,172,68,247,45,172,247
2021-01-05,299,82,135,71,299,135
2021-01-05,53,74,188,70,53,188
2021-01-05,96,85,42,70,96,42
2021-01-05,29,90,46,69,29,46
2021-01-05,60,65,160,54,160,60
2021-01-05,65,61,76,48,76,65
2021-01-05,93,55,66,54,93,66
2021-01-05,61,81,69,77,61,69
2021-01-05,4,86,88,71,4,88
2021-01-05,133,79,90,70,133,90
2021-01-05,241,76,108,65,241,108
2021-01-05,114,68,28,66,28,114
2021-01-05,322,65,149,59,322,149
2021-01-05,202,67,169,65,169,202
2021-01-05,219,76,212,73,219,212
2021-01-05,301,84,137,82,137,301
2021-01-05,138,77,333,74,138,333
2021-01-05,350,78,48,76,48,350
2021-01-06,21,76,221,61,21,221
2021-01-06,63,89,264,53,63,264
2021-01-06,290,79,13,74,290,13
2021-01-06,171,82,175,57,171,175
2021-01-06,115,70,348,63,115,348
2021-01-06,153,73,337,71,153,337
2021-01-06,75,83,27,82,75,27
2021-01-06,336,70,339,61,336,339
2021-01-06,1,66,116,63,116,1
2021-01-06,26,78,2,59,26,2
2021-01-06,176,72,17,61,176,17
2021-01-06,35,63,99,55,35,99
2021-01-06,140,94,100,92,140,100
2021-01-06,124,75,216,67,216,124
2021-01-06,199,76,143,69,199,143
2021-01-06,44,83,197,79,44,197
2021-01-06,318,84,352,75,352,318
2021-01-06,231,63,286,60,286,231
2021-01-06,244,80,242,73,244,242
2021-01-06,278,83,252,57,278,252
2021-01-06,256,70,273,52,273,256
2021-01-06,50,73,257,68,50,257
2021-01-06,355,69,281,61,355,281
2021-01-06,267,78,295,54,267,295
2021-01-06,305,61,271,51,271,305
2021-01-06,328,77,195,45,195,328
2021-01-06,330,66,97,61,97,330
2021-01-07,104,86,19,69,104,19
2021-01-07,128,89,162,67,162,128
2021-01-07,351,80,125,73,351,125
2021-01-07,121,81,215,56,215,121
2021-01-07,57,79,225,72,57,225
2021-01-07,32,93,45,68,32,45
2021-01-07,52,76,249,69,249,52
2021-01-07,277,85,119,80,277,119
2021-01-07,120,73,210,69,210,120
2021-01-07,80,69,132,66,80,132
2021-01-07,183,79,211,67,211,183
2021-01-07,279,70,186,55,279,186
2021-01-07,79,74,187,68,79,187
2021-01-07,259,65,193,60,259,193
2021-01-07,58,74,320,71,58,320
2021-01-07,209,81,113,78,113,209
2021-01-07,260,88,232,64,260,232
2021-01-07,168,97,251,90,168,251
2021-01-07,139,78,280,75,139,280
2021-01-07,23,77,272,66,23,272
2021-01-07,321,87,11,73,11,321
2021-01-07,292,74,291,62,292,291
2021-01-07,184,57,293,54,184,293
2021-01-07,313,81,12,75,12,313
2021-01-07,282,91,340,75,282,340
2021-01-07,341,71,41,60,41,341
2021-01-08,238,55,172,54,172,238
2021-01-08,26,80,2,69,26,2
2021-01-08,150,66,147,64,150,147
2021-01-08,38,62,37,49,38,37
2021-01-08,329,77,36,50,329,36
2021-01-08,32,76,45,64,32,45
2021-01-08,66,89,65,78,65,66
2021-01-08,223,71,90,67,223,90
2021-01-08,85,68,173,55,173,85
2021-01-08,10,66,101,63,10,101
2021-01-08,106,75,288,72,288,106
2021-01-08,111,88,309,83,309,111
2021-01-08,239,96,122,89,239,122
2021-01-08,174,94,118,70,174,118
2021-01-08,145,69,136,63,145,136
2021-01-08,146,77,22,72,22,146
2021-01-08,148,82,39,80,39,148
2021-01-08,346,66,152,64,346,152
2021-01-08,240,84,158,79,240,158
2021-01-08,279,67,186,55,279,186
2021-01-08,206,71,192,69,206,192
2021-01-08,205,72,224,71,224,205
2021-01-08,131,66,207,65,131,207
2021-01-08,208,77,326,70,326,208
2021-01-08,54,58,214,44,54,214
2021-01-08,107,84,218,81,107,218
2021-01-08,301,95,219,78,301,219
2021-01-08,325,101,243,89,325,243
2021-01-08,245,76,198,70,198,245
2021-01-08,251,68,168,62,168,251
2021-01-08,139,71,280,58,139,280
2021-01-08,94,79,261,64,94,261
2021-01-08,55,78,266,65,55,266
2021-01-08,269,66,315,64,315,269
2021-01-08,306,72,276,60,306,276
2021-01-08,284,86,201,77,201,284
2021-01-08,323,77,151,64,151,323
2021-01-08,328,82,195,46,195,328
2021-01-08,270,83,345,77,270,345
2021-01-08,357,74,353,72,353,357
2021-01-09,104,116,232,88,232,104
2021-01-09,21,67,287,49,287,21
2021-01-09,294,72,343,70,343,294
2021-01-09,134,63,221,59,134,221
2021-01-09,63,97,281,79,63,281
2021-01-09,290,68,295,54,295,290
2021-01-09,115,71,304,50,115,304
2021-01-09,220,79,247,68,247,220
2021-01-09,225,79,327,73,327,225
2021-01-09,299,91,129,64,129,299
2021-01-09,75,79,339,68,75,339
2021-01-09,336,61,27,49,27,336
2021-01-09,81,71,3,59,81,3
2021-01-09,4,94,17,90,17,4
2021-01-09,14,91,6,82,14,6
2021-01-09,252,67,7,64,252,7
2021-01-09,147,78,150,76,150,147
2021-01-09,16,83,114,68,114,16
2021-01-09,18,74,79,71,79,18
2021-01-09,34,86,20,69,34,20
2021-01-09,29,93,46,65,46,29
2021-01-09,38,65,37,50,38,37
2021-01-09,329,81,36,77,329,36
2021-01-09,308,79,310,65,310,308
2021-01-09,42,64,149,58,149,42
2021-01-09,300,92,50,87,300,50
2021-01-09,56,86,28,79,28,56
2021-01-09,60,72,35,60,35,60
2021-01-09,349,67,68,62,349,68
2021-01-09,47,61,74,60,47,74
2021-01-09,223,64,90,55,223,90
2021-01-09,173,67,85,56,173,85
2021-01-09,76,48,93,45,76,93
2021-01-09,350,75,96,65,350,96
2021-01-09,286,74,99,69,286,99
2021-01-09,13,99,100,69,13,100
2021-01-09,10,77,101,71,10,101
2021-01-09,106,59,288,48,288,106
2021-01-09,316,71,109,62,316,109
2021-01-09,309,70,111,68,309,111
2021-01-09,209,67,113,56,209,113
2021-01-09,143,71,116,65,143,116
2021-01-09,277,83,119,67,277,119
2021-01-09,120,76,210,70,210,120
2021-01-09,239,88,122,55,239,122
2021-01-09,84,57,123,48,84,123
2021-01-09,197,86,124,64,197,124
2021-01-09,174,71,118,63,174,118
2021-01-09,184,56,132,55,184,132
2021-01-09,145,76,136,47,145,136
2021-01-09,138,76,88,58,88,138
2021-01-09,164,83,141,67,164,141
2021-01-09,142,83,33,60,33,142
2021-01-09,146,65,22,58,22,146
2021-01-09,39,75,148,72,39,148
2021-01-09,140,75,176,61,176,140
2021-01-09,152,63,346,58,346,152
2021-01-09,189,63,157,54,189,157
2021-01-09,158,45,240,42,240,158
2021-01-09,181,80,159,64,181,159
2021-01-09,314,69,194,54,194,314
2021-01-09,169,64,188,59,188,169
2021-01-09,177,84,333,81,333,177
2021-01-09,180,81,332,68,332,180
2021-01-09,183,76,211,74,211,183
2021-01-09,185,78,200,74,200,185
2021-01-09,190,69,144,61,144,190
2021-01-09,206,80,192,66,206,192
2021-01-09,259,69,193,67,259,193
2021-01-09,58,83,320,80,58,320
2021-01-09,108,73,317,71,108,317
2021-01-09,224,74,205,57,224,205
2021-01-09,207,70,131,68,131,207
2021-01-09,326,77,208,69,326,208
2021-01-09,170,70,212,58,170,212
2021-01-09,54,74,214,71,54,214
2021-01-09,216,78,165,75,165,216
2021-01-09,107,87,218,78,107,218
2021-01-09,222,70,135,54,135,222
2021-01-09,241,79,48,64,48,241
2021-01-09,242,83,330,68,330,242
2021-01-09,243,71,325,68,325,243
2021-01-09,244,77,97,57,97,244
2021-01-09,198,66,245,55,198,245
2021-01-09,256,91,44,80,44,256
2021-01-09,262,66,254,64,254,262
2021-01-09,264,76,67,68,67,264
2021-01-09,265,74,86,58,86,265
2021-01-09,55,83,266,69,55,266
2021-01-09,269,68,315,62,315,269
2021-01-09,271,69,77,63,77,271
2021-01-09,199,87,273,67,199,273
2021-01-09,274,61,105,55,105,274
2021-01-09,321,73,12,64,12,321
2021-01-09,306,62,276,58,306,276
2021-01-09,201,73,284,66,201,284
2021-01-09,23,89,291,69,23,291
2021-01-09,80,90,293,80,80,293
2021-01-09,323,75,151,74,151,323
2021-01-09,313,81,11,76,11,313
2021-01-09,334,76,25,60,25,334
2021-01-09,41,84,340,78,41,340
2021-01-09,282,75,341,60,282,341
2021-01-09,270,92,345,63,270,345
2021-01-09,137,80,347,54,137,347
2021-01-09,352,48,318,45,318,352
2021-01-09,353,93,357,55,353,357
2021-01-10,128,86,175,71,128,175
2021-01-10,162,66,121,63,121,162
2021-01-10,337,77,217,63,337,217
2021-01-10,213,78,30,72,213,30
2021-01-10,142,87,33,76,142,33
2021-01-10,149,78,42,69,149,42
2021-01-10,348,82,52,76,348,52
2021-01-10,56,89,28,45,28,56
2021-01-10,47,73,74,68,47,74
2021-01-10,350,91,96,83,350,96
2021-01-10,109,75,316,58,316,109
2021-01-10,114,70,16,61,16,114
2021-01-10,123,73,84,68,84,123
2021-01-10,125,84,191,76,191,125
2021-01-10,190,73,144,58,190,144
2021-01-10,126,76,154,71,126,154
2021-01-10,157,45,189,41,189,157
2021-01-10,181,72,159,62,181,159
2021-01-10,314,68,194,66,194,314
2021-01-10,180,78,332,68,332,180
2021-01-10,200,89,185,85,200,185
2021-01-10,317,85,108,77,108,317
2021-01-10,355,74,237,73,355,237
2021-01-10,241,68,48,48,48,241
2021-01-10,156,68,260,60,156,260
2021-01-10,94,80,261,65,94,261
2021-01-10,265,75,86,68,86,265
2021-01-10,89,70,268,68,89,268
2021-01-10,334,84,25,44,25,334
2021-01-11,60,60,67,53,67,60
2021-01-11,26,83,354,60,354,26
2021-01-11,30,75,213,73,213,30
2021-01-11,57,65,327,58,327,57
2021-01-11,154,58,126,48,126,154
2021-01-11,249,79,289,68,249,289
2021-01-11,234,73,297,67,234,297
2021-01-12,222,75,134,70,222,134
2021-01-12,171,77,351,54,171,351
2021-01-12,337,74,75,67,337,75
2021-01-12,212,67,3,65,212,3
2021-01-12,4,85,138,65,138,4
2021-01-12,6,64,178,51,178,6
2021-01-12,105,79,8,74,105,8
2021-01-12,20,88,29,64,29,20
2021-01-12,34,85,347,69,347,34
2021-01-12,281,69,35,57,281,35
2021-01-12,321,67,309,62,321,309
2021-01-12,301,96,81,63,301,81
2021-01-12,137,94,46,85,46,137
2021-01-12,27,84,169,62,27,169
2021-01-12,219,78,170,61,219,170
2021-01-12,88,72,176,63,88,176
2021-01-12,160,79,237,69,160,237
2021-01-12,65,80,252,66,65,252
2021-01-12,202,81,286,75,202,286
2021-01-12,221,82,287,46,221,287
2021-01-13,299,79,294,77,294,299
2021-01-13,153,77,339,65,339,153
2021-01-13,336,80,217,68,336,217
2021-01-13,220,81,215,71,220,215
2021-01-13,140,92,13,76,140,13
2021-01-13,17,95,100,77,100,17
2021-01-13,26,90,354,70,354,26
2021-01-13,283,95,44,69,283,44
2021-01-13,66,72,76,63,66,76
2021-01-13,95,94,300,88,300,95
2021-01-13,97,75,141,42,97,141
2021-01-13,256,96,143,71,256,143
2021-01-13,124,83,165,61,124,165
2021-01-13,50,83,167,80,50,167
2021-01-13,195,72,72,63,72,195
2021-01-13,199,76,216,66,216,199
2021-01-13,92,105,188,73,92,188
2021-01-13,164,80,242,78,164,242
2021-01-13,278,68,93,54,93,278
2021-01-13,295,56,177,55,177,295
2021-01-13,273,76,296,63,273,296
2021-01-13,348,72,305,53,348,305
2021-01-13,330,84,98,77,98,330
2021-01-13,352,80,331,78,331,352
2021-01-14,104,95,230,70,104,230
2021-01-14,11,98,226,64,226,11
2021-01-14,23,88,293,67,293,23
2021-01-14,19,62,254,52,254,19
2021-01-14,280,89,32,82,280,32
2021-01-14,57,89,41,60,57,41
2021-01-14,251,65,45,48,251,45
2021-01-14,289,62,312,55,289,312
2021-01-14,317,92,48,54,317,48
2021-01-14,58,90,261,57,261,58
2021-01-14,90,81,85,79,85,90
2021-01-14,108,69,322,68,322,108
2021-01-14,139,77,338,66,338,139
2021-01-14,350,72,149,61,350,149
2021-01-14,186,77,168,57,186,168
2021-01-14,184,87,79,61,79,184
2021-01-14,318,87,257,63,257,318
2021-01-14,182,67,210,56,182,210
2021-01-14,211,74,119,54,119,211
2021-01-14,183,71,233,64,183,233
2021-01-14,42,48,235,46,42,235
2021-01-14,238,81,125,69,125,238
2021-01-14,328,57,259,45,328,259
2021-01-14,260,79,232,63,232,260
2021-01-14,227,79,262,58,227,262
2021-01-14,82,75,277,63,82,277
2021-01-14,327,79,282,65,327,282
2021-01-14,132,65,292,64,132,292
2021-01-14,321,95,340,68,321,340
2021-01-14,313,91,341,61,313,341
2021-01-15,351,60,247,54,247,351
2021-01-15,306,61,49,37,49,306
2021-01-15,266,73,10,64,266,10
2021-01-15,22,74,91,60,91,22
2021-01-15,29,76,34,69,34,29
2021-01-15,32,72,280,63,280,32
2021-01-15,38,60,111,55,111,38
2021-01-15,309,86,37,51,37,309
2021-01-15,311,69,310,52,311,310
2021-01-15,317,83,48,75,317,48
2021-01-15,54,66,353,64,353,54
2021-01-15,324,82,72,49,324,72
2021-01-15,278,62,76,48,278,76
2021-01-15,159,73,86,63,159,86
2021-01-15,193,73,94,57,193,94
2021-01-15,71,86,107,61,71,107
2021-01-15,108,84,322,74,322,108
2021-01-15,68,74,113,56,68,113
2021-01-15,239,81,174,72,174,239
2021-01-15,118,74,214,69,214,118
2021-01-15,284,65,145,59,284,145
2021-01-15,338,76,139,74,338,139
2021-01-15,350,70,149,50,350,149
2021-01-15,323,91,150,86,323,150
2021-01-15,15,74,151,72,15,151
2021-01-15,346,81,161,73,346,161
2021-01-15,186,63,168,52,186,168
2021-01-15,276,84,173,54,276,173
2021-01-15,158,58,198,49,158,198
2021-01-15,201,66,136,43,136,201
2021-01-15,206,62,205,45,205,206
2021-01-15,146,84,207,72,146,207
2021-01-15,243,69,223,59,243,223
2021-01-15,224,88,70,84,70,224
2021-01-15,42,73,235,51,42,235
2021-01-15,181,92,240,80,181,240
2021-01-15,122,67,246,53,122,246
2021-01-15,265,78,245,69,245,265
2021-01-15,36,83,288,74,36,288
2021-01-15,208,63,325,33,208,325
2021-01-15,152,77,326,66,152,326
2021-01-15,298,63,147,59,147,298
2021-01-15,101,67,303,64,101,303
2021-01-15,329,93,263,92,263,329
2021-01-15,218,82,357,65,218,357
2021-01-16,104,73,254,59,254,104
2021-01-16,21,68,299,60,299,21
2021-01-16,294,82,135,67,294,135
2021-01-16,175,75,171,57,175,171
2021-01-16,35,70,63,66,35,63
2021-01-16,290,81,333,61,290,333
2021-01-16,336,85,53,50,53,336
2021-01-16,220,87,121,81,121,220
2021-01-16,169,78,153,72,169,153
2021-01-16,179,68,295,52,295,179
2021-01-16,49,70,306,55,49,306
2021-01-16,5,70,6,63,5,6
2021-01-16,190,87,9,86,190,9
2021-01-16,10,83,266,77,266,10
2021-01-16,226,80,12,79,226,12
2021-01-16,4,90,13,59,4,13
2021-01-16,274,88,14,53,274,14
2021-01-16,16,79,28,59,28,16
2021-01-16,22,80,91,63,91,22
2021-01-16,23,98,132,91,132,23
2021-01-16,217,80,27,70,217,27
2021-01-16,19,72,260,63,260,19
2021-01-16,38,83,111,72,111,38
2021-01-16,40,86,39,85,39,40
2021-01-16,41,72,327,63,327,41
2021-01-16,309,70,37,53,37,309
2021-01-16,311,84,310,53,311,310
2021-01-16,331,110,300,103,331,300
2021-01-16,353,85,54,49,353,54
2021-01-16,102,71,55,68,102,55
2021-01-16,58,88,261,61,261,58
2021-01-16,185,92,61,72,185,61
2021-01-16,65,77,141,53,141,65
2021-01-16,324,72,72,65,324,72
2021-01-16,95,78,78,66,95,78
2021-01-16,80,93,79,85,79,80
2021-01-16,46,75,81,64,46,81
2021-01-16,30,69,84,60,30,84
2021-01-16,86,55,159,52,159,86
2021-01-16,177,72,88,69,177,88
2021-01-16,90,107,85,63,90,85
2021-01-16,242,80,97,60,242,97
2021-01-16,100,78,176,74,176,100
2021-01-16,105,78,297,72,297,105
2021-01-16,71,68,107,65,71,107
2021-01-16,109,70,314,63,314,109
2021-01-16,56,95,114,55,56,114
2021-01-16,256,87,116,80,256,116
2021-01-16,126,73,123,65,123,126
2021-01-16,239,81,174,74,174,239
2021-01-16,118,65,214,63,214,118
2021-01-16,133,81,302,72,302,133
2021-01-16,137,89,219,79,219,137
2021-01-16,17,66,138,59,17,138
2021-01-16,33,75,144,70,33,144
2021-01-16,145,68,284,58,284,145
2021-01-16,150,68,323,51,323,150
2021-01-16,15,93,151,72,15,151
2021-01-16,227,58,156,49,227,156
2021-01-16,142,77,155,75,142,155
2021-01-16,334,65,157,30,334,157
2021-01-16,160,73,281,71,281,160
2021-01-16,316,92,25,78,25,316
2021-01-16,197,99,165,84,197,165
2021-01-16,276,64,173,59,276,173
2021-01-16,8,71,178,59,8,178
2021-01-16,184,64,272,50,272,184
2021-01-16,187,79,291,57,291,187
2021-01-16,194,81,285,64,285,194
2021-01-16,320,77,195,54,320,195
2021-01-16,158,58,198,55,158,198
2021-01-16,199,74,44,72,44,199
2021-01-16,7,83,189,75,7,189
2021-01-16,200,87,69,76,69,200
2021-01-16,201,66,136,64,136,201
2021-01-16,92,82,202,75,92,202
2021-01-16,318,82,257,70,257,318
2021-01-16,205,82,206,78,205,206
2021-01-16,207,72,146,67,146,207
2021-01-16,209,67,47,62,47,209
2021-01-16,210,62,182,58,182,210
2021-01-16,211,75,119,61,119,211
2021-01-16,20,78,212,58,20,212
2021-01-16,154,72,213,57,154,213
2021-01-16,223,61,243,58,243,223
2021-01-16,224,91,70,82,70,224
2021-01-16,230,80,232,65,230,232
2021-01-16,183,69,233,64,183,233
2021-01-16,181,70,240,63,181,240
2021-01-16,122,66,246,62,122,246
2021-01-16,328,64,259,59,328,259
2021-01-16,265,74,245,72,245,265
2021-01-16,140,85,267,80,140,267
2021-01-16,1,76,273,42,1,273
2021-01-16,277,99,82,94,82,277
2021-01-16,57,77,282,64,57,282
2021-01-16,283,83,124,65,124,283
2021-01-16,231,96,286,76,231,286
2021-01-16,36,73,288,67,36,288
2021-01-16,289,65,304,57,304,289
2021-01-16,293,74,292,71,293,292
2021-01-16,208,74,325,65,208,325
2021-01-16,152,82,326,66,152,326
2021-01-16,298,67,147,56,147,298
2021-01-16,3,95,301,94,3,301
2021-01-16,101,63,303,56,101,303
2021-01-16,67,77,332,58,67,332
2021-01-16,313,81,340,76,313,340
2021-01-16,321,85,341,77,321,341
2021-01-16,167,78,344,76,167,344
2021-01-16,74,82,349,58,74,349
2021-01-16,352,77,50,59,50,352
2021-01-16,2,72,354,69,2,354
2021-01-16,218,81,357,74,218,357
2021-01-17,128,96,215,73,215,128
2021-01-17,115,75,312,58,115,312
2021-01-17,337,64,339,60,339,337
2021-01-17,190,71,9,59,190,9
2021-01-17,16,76,28,65,28,16
2021-01-17,33,77,144,61,144,33
2021-01-17,39,85,40,77,39,40
2021-01-17,61,89,185,79,185,61
2021-01-17,66,67,98,54,98,66
2021-01-17,30,86,84,55,30,84
2021-01-17,193,79,94,65,193,94
2021-01-17,314,57,109,49,314,109
2021-01-17,113,68,68,67,68,113
2021-01-17,56,96,114,87,56,114
2021-01-17,126,74,123,68,123,126
2021-01-17,142,72,155,70,155,142
2021-01-17,334,88,157,60,334,157
2021-01-17,164,65,93,46,93,164
2021-01-17,316,77,25,67,25,316
2021-01-17,305,58,166,57,305,166
2021-01-17,194,67,285,64,285,194
2021-01-17,7,83,189,71,7,189
2021-01-17,200,83,69,79,69,200
2021-01-17,209,68,47,66,47,209
2021-01-17,154,88,213,46,154,213
2021-01-17,238,80,229,72,238,229
2021-01-17,120,57,250,56,120,250
2021-01-17,262,69,258,63,258,262
2021-01-17,342,94,288,79,342,288
2021-01-17,346,69,161,67,161,346
2021-01-17,349,69,74,64,74,349
2021-01-18,21,77,134,69,21,134
2021-01-18,281,74,60,70,60,281
2021-01-18,8,82,14,48,8,14
2021-01-18,318,87,300,73,318,300
2021-01-18,92,78,153,65,153,92
2021-01-18,234,59,105,50,234,105
2021-01-18,274,102,178,61,274,178
2021-01-18,320,53,195,46,320,195
2021-01-18,302,72,319,69,302,319
2021-01-18,250,70,120,65,120,250
2021-01-18,141,90,252,83,141,252
2021-01-18,78,92,331,81,78,331
2021-01-18,257,82,344,78,257,344
2021-01-18,354,77,2,58,2,354
2021-01-19,335,76,264,74,335,264
2021-01-19,88,75,290,49,88,290
2021-01-19,171,87,162,63,171,162
2021-01-19,238,67,220,65,220,238
2021-01-19,4,105,140,75,140,4
2021-01-19,179,81,267,70,179,267
2021-01-19,121,79,229,65,121,229
2021-01-19,3,69,29,57,29,3
2021-01-19,170,81,20,71,170,20
2021-01-19,137,84,34,81,137,34
2021-01-19,35,67,67,53,67,35
2021-01-19,301,89,46,72,301,46
2021-01-19,328,83,58,64,328,58
2021-01-19,231,79,75,73,231,75
2021-01-19,149,75,112,54,149,112
2021-01-19,221,76,135,50,221,135
2021-01-19,286,83,169,57,286,169
2021-01-19,176,64,177,46,177,176
2021-01-19,317,79,96,75,96,317
2021-01-19,302,78,319,74,302,319
2021-01-19,241,97,42,91,42,241
2021-01-19,156,72,258,69,156,258
2021-01-19,272,63,292,59,292,272
2021-01-19,226,58,321,56,226,321
2021-01-19,350,72,235,58,235,350
2021-01-20,115,86,305,59,115,305
2021-01-20,351,68,215,52,351,215
2021-01-20,237,74,63,70,63,237
2021-01-20,103,83,53,65,103,53
2021-01-20,256,64,1,57,256,1
2021-01-20,13,75,17,73,13,17
2021-01-20,123,71,30,56,123,30
2021-01-20,50,70,257,64,257,50
2021-01-20,340,84,57,80,340,57
2021-01-20,78,59,344,48,344,78
2021-01-20,65,73,93,58,65,93
2021-01-20,26,73,94,51,26,94
2021-01-20,331,74,95,73,331,95
2021-01-20,149,67,112,54,149,112
2021-01-20,100,63,138,62,100,138
2021-01-20,154,75,332,39,332,154
2021-01-20,167,83,300,63,300,167
2021-01-20,199,92,116,83,116,199
2021-01-20,96,84,317,57,96,317
2021-01-20,283,86,216,74,283,216
2021-01-20,241,67,42,61,42,241
2021-01-20,76,71,242,69,76,242
2021-01-20,97,87,252,85,97,252
2021-01-20,273,92,165,88,165,273
2021-01-20,197,87,296,68,197,296
2021-01-20,278,70,330,54,278,330
2021-01-20,202,80,339,73,202,339
2021-01-20,350,78,235,66,235,350
2021-01-21,125,81,128,69,128,125
2021-01-21,313,61,41,57,41,313
2021-01-21,11,84,12,82,12,11
2021-01-21,170,96,29,77,170,29
2021-01-21,3,81,46,67,3,46
2021-01-21,58,84,328,76,328,58
2021-01-21,23,79,79,66,23,79
2021-01-21,34,92,81,77,34,81
2021-01-21,211,78,82,76,211,82
2021-01-21,168,62,87,51,168,87
2021-01-21,120,64,233,57,233,120
2021-01-21,132,85,187,82,187,132
2021-01-21,182,78,250,66,250,182
2021-01-21,183,62,210,51,210,183
2021-01-21,186,67,45,57,45,186
2021-01-21,230,85,227,68,230,227
2021-01-21,19,95,232,67,19,232
2021-01-21,229,75,247,67,229,247
2021-01-21,280,76,251,58,251,280
2021-01-21,254,65,156,61,156,254
2021-01-21,260,73,262,50,262,260
2021-01-21,195,67,261,51,195,261
2021-01-21,184,76,272,65,184,272
2021-01-21,248,67,292,65,292,248
2021-01-21,342,91,277,67,342,277
2021-01-21,80,113,291,73,80,291
2021-01-21,18,72,293,69,18,293
2021-01-21,327,71,341,56,341,327
2021-01-21,166,72,348,52,166,348
2021-01-22,171,70,238,53,238,171
2021-01-22,147,66,323,59,323,147
2021-01-22,150,81,15,68,150,15
2021-01-22,308,68,37,49,308,37
2021-01-22,38,47,309,45,309,38
2021-01-22,310,89,307,69,310,307
2021-01-22,311,105,40,58,40,311
2021-01-22,90,66,49,53,90,49
2021-01-22,206,70,70,58,206,70
2021-01-22,218,86,71,81,218,71
2021-01-22,168,76,87,71,168,87
2021-01-22,91,79,146,69,146,91
2021-01-22,101,84,266,75,266,101
2021-01-22,10,80,102,71,10,102
2021-01-22,106,77,72,74,72,106
2021-01-22,39,83,111,67,39,111
2021-01-22,122,67,357,66,357,122
2021-01-22,107,77,239,59,107,239
2021-01-22,201,82,131,81,201,131
2021-01-22,207,69,136,54,207,136
2021-01-22,325,82,152,74,325,152
2021-01-22,245,76,159,64,245,159
2021-01-22,161,79,85,66,85,161
2021-01-22,54,64,174,53,54,174
2021-01-22,45,65,186,64,45,186
2021-01-22,354,71,193,64,354,193
2021-01-22,198,59,240,56,240,198
2021-01-22,270,92,205,73,270,205
2021-01-22,214,81,246,76,246,214
2021-01-22,306,78,243,68,306,243
2021-01-22,251,82,280,70,251,280
2021-01-22,255,68,265,62,265,255
2021-01-22,259,98,2,61,2,259
2021-01-22,269,65,345,60,345,269
2021-01-22,326,70,276,64,326,276
2021-01-22,22,67,284,62,22,284
2021-01-22,298,57,151,47,151,298
2021-01-22,55,90,303,81,55,303
2021-01-22,353,95,118,65,118,353
2021-01-23,104,95,227,49,104,227
2021-01-23,21,81,222,66,222,21
2021-01-23,335,71,237,56,335,237
2021-01-23,179,73,290,64,290,179
2021-01-23,115,68,289,51,289,115
2021-01-23,221,75,134,68,221,134
2021-01-23,220,74,351,62,351,220
2021-01-23,63,74,60,66,63,60
2021-01-23,336,64,103,62,336,103
2021-01-23,343,69,135,47,135,343
2021-01-23,286,78,337,60,286,337
2021-01-23,162,63,175,49,175,162
2021-01-23,4,81,177,73,4,177
2021-01-23,92,80,53,61,92,53
2021-01-23,226,75,225,64,225,226
2021-01-23,282,73,313,72,282,313
2021-01-23,3,79,347,68,347,3
2021-01-23,194,71,7,64,194,7
2021-01-23,8,57,6,52,6,8
2021-01-23,13,92,333,71,333,13
2021-01-23,323,66,147,61,323,147
2021-01-23,150,77,15,74,150,15
2021-01-23,190,69,16,62,190,16
2021-01-23,17,109,267,86,267,17
2021-01-23,219,85,20,77,219,20
2021-01-23,28,81,142,76,142,28
2021-01-23,308,67,37,44,308,37
2021-01-23,309,70,38,63,309,38
2021-01-23,307,78,310,71,310,307
2021-01-23,311,80,40,66,40,311
2021-01-23,1,93,44,58,1,44
2021-01-23,49,74,90,71,90,49
2021-01-23,57,70,341,59,341,57
2021-01-23,330,66,66,43,330,66
2021-01-23,319,77,68,70,319,68
2021-01-23,206,84,70,58,206,70
2021-01-23,67,68,160,61,160,67
2021-01-23,71,82,218,72,218,71
2021-01-23,74,79,349,64,349,74
2021-01-23,153,70,75,65,153,75
2021-01-23,292,65,79,54,292,79
2021-01-23,82,82,211,76,211,82
2021-01-23,88,92,100,84,100,88
2021-01-23,146,71,91,56,146,91
2021-01-23,78,71,95,62,78,95
2021-01-23,97,71,252,62,252,97
2021-01-23,266,62,101,48,266,101
2021-01-23,10,74,102,61,10,102
2021-01-23,106,81,72,46,72,106
2021-01-23,111,76,39,53,39,111
2021-01-23,233,69,120,43,233,120
2021-01-23,357,85,122,77,357,122
2021-01-23,107,87,239,72,107,239
2021-01-23,130,75,105,61,105,130
2021-01-23,201,76,131,54,201,131
2021-01-23,132,76,18,70,18,132
2021-01-23,209,72,133,63,209,133
2021-01-23,207,68,136,65,207,136
2021-01-23,301,76,137,74,301,137
2021-01-23,141,84,244,78,244,141
2021-01-23,283,102,143,72,283,143
2021-01-23,144,75,114,72,114,144
2021-01-23,36,96,148,75,36,148
2021-01-23,138,82,140,69,138,140
2021-01-23,152,73,325,55,325,152
2021-01-23,9,71,155,70,9,155
2021-01-23,159,76,245,67,245,159
2021-01-23,161,89,85,72,85,161
2021-01-23,165,74,116,71,116,165
2021-01-23,170,85,81,63,81,170
2021-01-23,174,81,54,80,54,174
2021-01-23,224,60,315,58,224,315
2021-01-23,250,89,182,83,250,182
2021-01-23,183,58,210,53,210,183
2021-01-23,199,86,197,62,199,197
2021-01-23,240,78,198,69,240,198
2021-01-23,61,81,200,71,61,200
2021-01-23,318,74,50,66,50,318
2021-01-23,202,86,188,76,202,188
2021-01-23,270,85,205,74,270,205
2021-01-23,214,79,246,74,246,214
2021-01-23,229,81,215,78,229,215
2021-01-23,216,73,273,68,273,216
2021-01-23,19,65,230,54,19,230
2021-01-23,339,76,231,75,339,231
2021-01-23,234,77,178,31,178,234
2021-01-23,306,86,243,74,306,243
2021-01-23,254,67,260,63,260,254
2021-01-23,265,47,255,40,265,255
2021-01-23,258,78,232,70,232,258
2021-01-23,261,83,195,71,195,261
2021-01-23,262,72,156,69,156,262
2021-01-23,269,84,345,74,345,269
2021-01-23,5,68,274,58,5,274
2021-01-23,321,76,41,68,41,321
2021-01-23,23,114,248,62,23,248
2021-01-23,249,78,312,65,312,249
2021-01-23,326,78,276,72,326,276
2021-01-23,278,65,76,61,76,278
2021-01-23,22,76,284,65,22,284
2021-01-23,189,74,285,65,189,285
2021-01-23,184,76,291,44,184,291
2021-01-23,187,72,293,63,187,293
2021-01-23,176,61,295,50,176,295
2021-01-23,124,72,296,53,124,296
2021-01-23,297,66,14,57,14,297
2021-01-23,298,69,151,63,151,298
2021-01-23,113,71,302,58,113,302
2021-01-23,55,70,303,65,55,303
2021-01-23,281,96,329,78,281,329
2021-01-23,332,69,123,60,123,332
2021-01-23,167,83,331,80,167,331
2021-01-23,277,77,342,72,277,342
2021-01-23,352,91,344,78,352,344
2021-01-23,346,82,173,67,173,346
2021-01-23,353,100,118,72,118,353
2021-01-24,7,83,194,64,194,7
2021-01-24,9,81,155,79,155,9
2021-01-24,16,87,190,78,190,16
2021-01-24,28,64,142,61,142,28
2021-01-24,96,74,48,62,96,48
2021-01-24,65,69,164,60,164,65
2021-01-24,68,67,319,62,319,68
2021-01-24,185,99,69,83,185,69
2021-01-24,242,52,93,42,242,93
2021-01-24,133,79,209,72,209,133
2021-01-24,144,82,114,74,114,144
2021-01-24,154,69,30,56,30,154
2021-01-24,166,80,77,53,77,166
2021-01-24,315,81,224,76,224,315
2021-01-24,354,93,193,88,354,193
2021-01-24,61,81,200,77,61,200
2021-01-24,217,73,169,59,169,217
2021-01-24,112,81,235,57,112,235
2021-01-24,317,76,241,68,317,241
2021-01-24,247,74,125,70,125,247
2021-01-24,259,91,2,59,2,259
2021-01-24,285,56,189,44,189,285
2021-01-24,113,74,302,69,113,302
2021-01-24,340,83,327,79,340,327
2021-01-24,332,70,123,66,123,332
2021-01-24,346,68,173,52,173,346
2021-01-25,336,81,286,58,336,286
2021-01-25,343,88,299,87,343,299
2021-01-25,11,80,12,67,11,12
2021-01-25,96,80,48,71,96,48
2021-01-25,154,65,30,58,30,154
2021-01-25,156,75,232,50,232,156
2021-01-25,222,81,129,60,129,222
2021-01-25,234,73,14,56,14,234
2021-01-25,235,71,112,56,112,235
2021-01-25,241,73,317,63,317,241
2021-01-25,6,66,274,64,6,274
2021-01-25,126,69,275,66,126,275
2021-01-25,320,59,328,56,320,328
2021-01-26,221,80,294,79,294,221
2021-01-26,4,70,138,59,4,138
2021-01-26,17,88,179,82,17,179
2021-01-26,290,56,177,53,290,177
2021-01-26,66,76,253,71,253,66
2021-01-26,60,63,35,51,60,35
2021-01-26,73,68,180,61,180,73
2021-01-26,3,86,81,65,3,81
2021-01-26,87,94,280,92,280,87
2021-01-26,75,75,103,68,75,103
2021-01-26,140,78,295,66,295,140
2021-01-26,202,75,231,65,231,202
2021-01-26,244,79,252,56,252,244
2021-01-26,291,69,272,66,291,272
2021-01-26,126,71,275,59,126,275
2021-01-26,248,87,79,74,79,248
2021-01-26,166,76,249,72,166,249
2021-01-26,301,90,170,81,170,301
2021-01-26,289,76,305,67,289,305
2021-01-26,219,81,347,58,219,347
2021-01-27,21,107,135,59,21,135
2021-01-27,220,83,229,79,220,229
2021-01-27,351,61,162,55,162,351
2021-01-27,92,81,169,59,92,169
2021-01-27,63,85,264,81,264,63
2021-01-27,337,62,217,51,217,337
2021-01-27,53,54,153,50,53,153
2021-01-27,58,78,26,56,58,26
2021-01-27,137,96,29,91,137,29
2021-01-27,230,76,19,73,230,19
2021-01-27,273,69,44,57,273,44
2021-01-27,73,78,180,73,180,73
2021-01-27,76,86,93,62,93,76
2021-01-27,312,71,77,64,312,77
2021-01-27,280,90,87,82,280,87
2021-01-27,267,83,100,59,267,100
2021-01-27,116,73,124,57,124,116
2021-01-27,237,72,160,63,237,160
2021-01-27,199,76,165,69,199,165
2021-01-27,318,81,167,68,318,167
2021-01-27,168,68,139,63,139,168
2021-01-27,13,74,176,59,13,176
2021-01-27,216,81,197,73,216,197
2021-01-27,242,73,141,60,141,242
2021-01-27,256,75,296,70,296,256
2021-01-27,281,81,67,68,67,281
2021-01-27,1,82,283,62,1,283
2021-01-27,133,78,302,63,133,302
2021-01-27,328,83,320,74,320,328
2021-01-27,88,78,333,71,88,333
2021-01-27,188,72,339,67,188,339
2021-01-27,57,70,341,58,57,341
2021-01-27,331,87,344,61,331,344
2021-01-27,300,77,352,69,300,352
2021-01-28,104,90,258,62,258,104
2021-01-28,115,83,304,60,304,115
2021-01-28,134,59,287,51,134,287
2021-01-28,261,59,2,58,261,2
2021-01-28,306,70,173,59,173,306
2021-01-28,23,81,18,76,18,23
2021-01-28,332,91,30,85,332,30
2021-01-28,12,72,41,68,12,41
2021-01-28,291,51,79,41,291,79
2021-01-28,152,76,276,63,276,152
2021-01-28,249,67,166,65,249,166
2021-01-28,139,78,168,68,139,168
2021-01-28,247,67,172,37,247,172
2021-01-28,184,85,132,66,132,184
2021-01-28,94,64,195,62,94,195
2021-01-28,350,84,317,80,350,317
2021-01-28,321,75,226,62,321,226
2021-01-28,272,64,248,62,272,248
2021-01-28,282,73,11,64,11,282
2021-01-28,187,73,292,53,187,292
2021-01-28,326,86,325,79,326,325
2021-01-28,342,81,119,56,119,342
2021-01-28,259,87,354,57,259,354
2021-01-29,121,80,128,75,121,128
2021-01-29,303,71,10,62,303,10
2021-01-29,22,84,136,67,136,22
2021-01-29,26,85,58,77,58,26
2021-01-29,39,90,38,84,38,39
2021-01-29,37,76,40,70,37,40
2021-01-29,308,53,111,51,111,308
2021-01-29,311,72,307,51,307,311
2021-01-29,42,59,48,58,42,48
2021-01-29,55,79,101,62,101,55
2021-01-29,71,78,357,75,357,71
2021-01-29,36,89,72,74,36,72
2021-01-29,49,63,85,55,49,85
2021-01-29,54,74,107,68,54,107
2021-01-29,112,59,96,55,96,112
2021-01-29,214,72,122,68,214,122
2021-01-29,145,59,131,54,131,145
2021-01-29,149,49,235,45,235,149
2021-01-29,150,62,298,60,298,150
2021-01-29,147,66,151,62,147,151
2021-01-29,255,59,158,55,255,158
2021-01-29,118,73,174,68,118,174
2021-01-29,181,77,198,67,198,181
2021-01-29,269,91,192,59,269,192
2021-01-29,106,70,196,62,106,196
2021-01-29,201,82,207,78,207,201
2021-01-29,317,57,350,55,350,317
2021-01-29,206,71,315,67,315,206
2021-01-29,208,79,243,74,243,208
2021-01-29,210,68,211,64,210,211
2021-01-29,218,81,239,66,239,218
2021-01-29,219,76,34,75,34,219
2021-01-29,353,79,246,70,353,246
2021-01-29,91,64,284,63,91,284
2021-01-29,329,73,288,60,329,288
2021-01-29,15,83,323,75,15,323
2021-01-29,205,83,345,81,205,345
2021-01-30,104,97,230,75,230,104
2021-01-30,21,84,17,72,21,17
2021-01-30,335,80,264,72,264,335
2021-01-30,337,65,336,51,337,336
2021-01-30,221,66,4,61,221,4
2021-01-30,299,76,140,71,140,299
2021-01-30,88,85,343,80,343,88
2021-01-30,179,102,287,98,179,287
2021-01-30,229,81,351,71,229,351
2021-01-30,290,80,134,61,290,134
2021-01-30,103,76,92,65,103,92
2021-01-30,63,69,67,62,67,63
2021-01-30,238,81,175,62,238,175
2021-01-30,313,57,226,52,313,226
2021-01-30,1,75,124,67,124,1
2021-01-30,261,75,2,62,261,2
2021-01-30,234,79,5,57,234,5
2021-01-30,297,80,6,73,297,6
2021-01-30,303,65,10,59,303,10
2021-01-30,222,81,13,77,222,13
2021-01-30,105,74,14,71,105,14
2021-01-30,3,74,20,42,3,20
2021-01-30,22,84,136,79,136,22
2021-01-30,23,72,187,71,187,23
2021-01-30,87,81,32,79,87,32
2021-01-30,33,84,144,70,144,33
2021-01-30,38,83,39,73,38,39
2021-01-30,40,64,37,51,37,40
2021-01-30,11,71,41,50,11,41
2021-01-30,111,62,308,61,111,308
2021-01-30,311,89,307,86,307,311
2021-01-30,280,62,45,59,280,45
2021-01-30,348,93,312,88,348,312
2021-01-30,137,83,46,76,137,46
2021-01-30,42,75,48,67,42,48
2021-01-30,78,112,300,84,78,300
2021-01-30,75,79,53,53,75,53
2021-01-30,101,61,55,58,101,55
2021-01-30,56,74,114,63,114,56
2021-01-30,200,94,69,66,200,69
2021-01-30,71,77,357,72,357,71
2021-01-30,72,79,36,75,36,72
2021-01-30,272,75,79,44,272,79
2021-01-30,68,66,83,43,68,83
2021-01-30,203,70,89,58,203,89
2021-01-30,49,68,85,65,49,85
2021-01-30,95,75,344,69,344,95
2021-01-30,278,84,97,67,278,97
2021-01-30,54,73,107,65,54,107
2021-01-30,109,59,285,57,285,109
2021-01-30,112,72,96,69,96,112
2021-01-30,113,82,319,73,319,113
2021-01-30,214,69,122,67,214,122
2021-01-30,177,95,129,56,177,129
2021-01-30,330,73,141,62,330,141
2021-01-30,145,64,131,58,131,145
2021-01-30,139,102,279,88,279,139
2021-01-30,235,66,149,54,235,149
2021-01-30,150,74,298,73,298,150
2021-01-30,147,65,151,49,147,151
2021-01-30,190,70,155,52,190,155
2021-01-30,255,68,158,54,255,158
2021-01-30,143,64,165,56,143,165
2021-01-30,352,72,167,69,352,167
2021-01-30,339,66,169,54,339,169
2021-01-30,174,83,118,76,118,174
2021-01-30,100,71,176,61,100,176
2021-01-30,130,106,178,56,130,178
2021-01-30,198,83,181,74,198,181
2021-01-30,184,74,293,55,293,184
2021-01-30,185,79,61,76,61,185
2021-01-30,269,97,192,93,269,192
2021-01-30,25,65,194,44,25,194
2021-01-30,94,65,195,55,94,195
2021-01-30,106,65,196,53,106,196
2021-01-30,273,79,197,73,273,197
2021-01-30,207,82,201,72,207,201
2021-01-30,315,49,206,47,315,206
2021-01-30,213,74,275,62,275,213
2021-01-30,216,81,44,77,44,216
2021-01-30,217,84,231,58,231,217
2021-01-30,218,82,239,75,239,218
2021-01-30,19,95,227,87,19,227
2021-01-30,99,73,237,72,99,237
2021-01-30,66,67,242,56,66,242
2021-01-30,353,86,246,56,353,246
2021-01-30,251,61,186,58,186,251
2021-01-30,76,67,252,50,76,252
2021-01-30,159,55,265,54,159,265
2021-01-30,333,93,267,81,333,267
2021-01-30,274,76,8,59,8,274
2021-01-30,248,76,291,60,291,248
2021-01-30,152,65,276,62,152,276
2021-01-30,12,79,282,75,12,282
2021-01-30,284,77,91,66,91,284
2021-01-30,288,70,329,62,329,288
2021-01-30,18,71,292,56,18,292
2021-01-30,295,68,135,61,135,295
2021-01-30,323,65,15,64,15,323
2021-01-30,325,69,326,51,325,326
2021-01-30,301,84,29,66,29,301
2021-01-30,305,77,77,68,77,305
2021-01-30,327,77,57,74,57,327
2021-01-30,318,76,331,59,318,331
2021-01-30,342,81,119,62,119,342
2021-01-30,345,99,205,87,205,345
2021-01-30,170,65,347,56,170,347
2021-01-30,349,84,302,74,302,349
2021-01-30,259,98,354,71,259,354
2021-01-30,355,68,35,55,35,355
2021-01-31,115,70,249,48,115,249
2021-01-31,220,79,172,62,220,172
2021-01-31,126,60,30,57,126,30
2021-01-31,87,95,32,84,87,32
2021-01-31,309,71,310,59,309,310
2021-01-31,45,85,280,77,280,45
2021-01-31,56,78,114,60,114,56
2021-01-31,133,73,74,64,133,74
2021-01-31,68,75,83,70,68,83
2021-01-31,203,67,89,65,203,89
2021-01-31,285,63,109,49,285,109
2021-01-31,113,89,319,83,319,113
2021-01-31,73,78,123,76,73,123
2021-01-31,33,92,144,68,33,144
2021-01-31,154,72,180,46,180,154
2021-01-31,189,69,314,65,189,314
2021-01-31,306,63,173,52,306,173
2021-01-31,193,89,320,60,193,320
2021-01-31,194,71,25,65,25,194
2021-01-31,286,76,188,73,286,188
2021-01-31,275,71,213,68,275,213
2021-01-31,208,79,243,53,208,243
2021-01-31,247,64,215,56,215,247
2021-01-31,82,68,250,60,82,250
2021-01-31,186,76,251,64,186,251
2021-01-31,283,78,256,68,283,256
2021-01-31,265,63,159,50,159,265
2021-01-31,281,75,160,73,160,281
2021-01-31,304,81,289,64,289,304
2021-01-31,84,70,332,52,84,332
2021-01-31,341,77,340,62,340,341
2021-01-31,349,75,302,74,302,349
