Date,Winner,WinnerScore,Loser,LoserScore,Home,Away,WinnerHome,prev_game_date,next_game_date,prev_win,prev_game_home
2020-11-28,2,66,40,61,2,40,1,2021-01-27,2020-11-29,,
2020-11-29,263,63,2,45,2,263,0,2020-11-28,2020-12-05,1.0,2.0
2020-11-30,282,82,4,64,4,282,0,2020-11-25,2020-12-01,0.0,2.0
2020-12-01,4,86,320,74,4,320,1,2020-11-30,2020-12-02,0.0,4.0
2020-12-02,4,88,237,71,4,237,1,2020-12-01,2020-12-12,1.0,4.0
2020-12-19,314,65,7,64,7,314,0,2021-01-25,2020-12-20,1.0,4.0
2020-12-20,314,65,7,60,7,314,0,2020-12-19,2020-12-22,0.0,7.0
2021-01-16,7,83,189,75,7,189,1,2020-12-22,2021-01-17,0.0,7.0
2021-01-17,7,83,189,71,7,189,1,2021-01-16,2021-01-16,1.0,7.0
2021-01-01,303,69,10,56,10,303,0,2020-11-30,2021-01-02,1.0,7.0
2021-01-02,10,90,303,59,10,303,1,2021-01-01,2021-01-08,0.0,10.0
2021-01-08,10,66,101,63,10,101,1,2021-01-02,2021-01-09,1.0,10.0
2021-01-09,10,77,101,71,10,101,1,2021-01-08,2021-01-22,1.0,10.0
2021-01-22,10,80,102,71,10,102,1,2021-01-09,2021-01-23,1.0,10.0
2021-01-23,10,74,102,61,10,102,1,2021-01-22,2020-11-27,1.0,10.0
2021-01-15,15,74,151,72,15,151,1,2020-12-09,2021-01-16,1.0,10.0
2021-01-16,15,93,151,72,15,151,1,2021-01-15,2021-01-29,1.0,15.0
2021-01-29,15,83,323,75,15,323,1,2021-01-16,2021-01-30,1.0,15.0
2021-01-30,323,65,15,64,15,323,0,2021-01-29,2020-11-27,1.0,15.0
2020-11-26,18,67,78,66,18,78,1,2021-01-26,2020-11-27,0.0,15.0
2020-11-27,1,80,18,72,18,1,0,2020-11-26,2020-12-15,1.0,18.0
2020-12-01,321,79,19,53,19,321,0,2020-11-28,2020-12-02,0.0,18.0
2020-12-02,19,74,281,68,19,281,1,2020-12-01,2020-12-09,0.0,19.0
2020-12-29,21,93,44,56,21,44,1,2020-12-21,2020-12-30,1.0,19.0
2020-12-30,21,105,8,76,21,8,1,2020-12-29,2021-01-06,1.0,21.0
2021-01-08,146,77,22,72,22,146,0,2020-12-09,2021-01-09,1.0,21.0
2021-01-09,146,65,22,58,22,146,0,2021-01-08,2021-01-22,0.0,22.0
2021-01-22,22,67,284,62,22,284,1,2021-01-09,2021-01-23,0.0,22.0
2021-01-23,22,76,284,65,22,284,1,2021-01-22,2020-11-27,1.0,22.0
2020-12-19,285,73,25,59,25,285,0,2020-12-13,2020-12-20,1.0,22.0
2020-12-20,285,80,25,70,25,285,0,2020-12-19,2021-01-09,0.0,25.0
2021-01-09,334,76,25,60,25,334,0,2020-12-20,2021-01-10,0.0,25.0
2021-01-10,334,84,25,44,25,334,0,2021-01-09,2021-01-16,0.0,25.0
2021-01-16,316,92,25,78,25,316,0,2021-01-10,2021-01-17,0.0,25.0
2021-01-17,316,77,25,67,25,316,0,2021-01-16,2021-01-30,0.0,25.0
2021-01-30,25,65,194,44,25,194,1,2021-01-17,2021-01-31,0.0,25.0
2021-01-31,194,71,25,65,25,194,0,2021-01-30,2020-12-13,1.0,25.0
2021-01-09,56,86,28,79,28,56,0,2021-01-05,2021-01-10,0.0,25.0
2021-01-10,56,89,28,45,28,56,0,2021-01-09,2021-01-16,0.0,28.0
2021-01-16,16,79,28,59,28,16,0,2021-01-10,2021-01-17,0.0,28.0
2021-01-17,16,76,28,65,28,16,0,2021-01-16,2020-11-28,0.0,28.0
2021-01-16,30,69,84,60,30,84,1,2020-12-19,2021-01-17,0.0,28.0
2021-01-17,30,86,84,55,30,84,1,2021-01-16,2021-01-24,1.0,30.0
2021-01-24,154,69,30,56,30,154,0,2021-01-17,2021-01-25,1.0,30.0
2021-01-25,154,65,30,58,30,154,0,2021-01-24,2020-12-12,0.0,30.0
2020-12-16,32,74,338,62,32,338,1,2020-12-12,2020-12-17,0.0,30.0
2020-12-17,32,81,338,75,32,338,1,2020-12-16,2021-01-07,1.0,32.0
2021-01-07,32,93,45,68,32,45,1,2020-12-17,2021-01-08,1.0,32.0
2021-01-08,32,76,45,64,32,45,1,2021-01-07,2021-01-03,1.0,32.0
2020-11-27,34,74,302,65,34,302,1,2021-01-31,2020-11-28,1.0,32.0
2020-11-28,16,78,34,74,34,16,0,2020-11-27,2021-01-09,1.0,34.0
2021-01-15,36,83,288,74,36,288,1,2020-12-04,2021-01-16,0.0,34.0
2021-01-16,36,73,288,67,36,288,1,2021-01-15,2021-01-23,1.0,36.0
2021-01-29,36,89,72,74,36,72,1,2021-01-23,2021-01-30,1.0,36.0
2021-01-30,72,79,36,75,36,72,0,2021-01-29,2020-12-04,1.0,36.0
2021-01-15,309,86,37,51,37,309,0,2020-12-16,2021-01-16,0.0,36.0
2021-01-16,309,70,37,53,37,309,0,2021-01-15,2021-01-29,0.0,37.0
2021-01-29,37,76,40,70,37,40,1,2021-01-16,2021-01-30,0.0,37.0
2021-01-30,40,64,37,51,37,40,0,2021-01-29,2020-12-12,1.0,37.0
2021-01-08,38,62,37,49,38,37,1,2020-12-12,2021-01-09,0.0,37.0
2021-01-09,38,65,37,50,38,37,1,2021-01-08,2021-01-29,1.0,38.0
2021-01-29,39,90,38,84,38,39,0,2021-01-09,2021-01-30,1.0,38.0
2021-01-30,38,83,39,73,38,39,1,2021-01-29,2021-01-08,0.0,38.0
2021-01-08,148,82,39,80,39,148,0,2021-01-30,2021-01-09,1.0,38.0
2021-01-09,39,75,148,72,39,148,1,2021-01-08,2021-01-16,0.0,39.0
2021-01-16,40,86,39,85,39,40,0,2021-01-09,2021-01-17,1.0,39.0
2021-01-17,39,85,40,77,39,40,1,2021-01-16,2021-01-22,0.0,39.0
2021-01-22,39,83,111,67,39,111,1,2021-01-17,2021-01-23,1.0,39.0
2021-01-23,111,76,39,53,39,111,0,2021-01-22,2020-11-30,1.0,39.0
2021-01-22,311,105,40,58,40,311,0,2020-12-28,2021-01-23,0.0,39.0
2021-01-23,311,80,40,66,40,311,0,2021-01-22,2020-11-30,0.0,40.0
2021-01-14,42,48,235,46,42,235,1,2020-12-21,2021-01-15,0.0,40.0
2021-01-15,42,73,235,51,42,235,1,2021-01-14,2021-01-19,1.0,42.0
2021-01-19,241,97,42,91,42,241,0,2021-01-15,2021-01-20,1.0,42.0
2021-01-20,241,67,42,61,42,241,0,2021-01-19,2021-01-29,0.0,42.0
2021-01-29,42,59,48,58,42,48,1,2021-01-20,2021-01-30,0.0,42.0
2021-01-30,42,75,48,67,42,48,1,2021-01-29,2020-12-11,1.0,42.0
2020-12-11,43,81,159,72,43,159,1,2021-01-30,2020-12-12,1.0,42.0
2020-12-12,159,56,43,52,43,159,0,2020-12-11,2021-01-01,1.0,43.0
2021-01-01,43,70,255,58,43,255,1,2020-12-12,2021-01-02,0.0,43.0
2021-01-02,43,63,255,60,43,255,1,2021-01-01,2021-01-06,1.0,43.0
2020-12-15,279,91,45,86,45,279,0,2021-01-30,2020-12-16,1.0,43.0
2020-12-16,45,78,279,59,45,279,1,2020-12-15,2021-01-21,0.0,45.0
2021-01-21,186,67,45,57,45,186,0,2020-12-16,2021-01-22,1.0,45.0
2021-01-22,45,65,186,64,45,186,1,2021-01-21,2020-12-12,0.0,45.0
2021-01-09,47,61,74,60,47,74,1,2020-12-18,2021-01-10,1.0,45.0
2021-01-10,47,73,74,68,47,74,1,2021-01-09,2021-01-16,1.0,47.0
2021-01-16,209,67,47,62,47,209,0,2021-01-10,2021-01-17,1.0,47.0
2021-01-17,209,68,47,66,47,209,0,2021-01-16,2020-12-01,0.0,47.0
2020-12-21,108,67,48,55,48,108,0,2020-12-01,2020-12-22,0.0,47.0
2020-12-22,108,70,48,68,48,108,0,2020-12-21,2021-01-04,0.0,48.0
2021-01-04,350,85,48,69,48,350,0,2020-12-22,2021-01-05,0.0,48.0
2021-01-05,350,78,48,76,48,350,0,2021-01-04,2021-01-09,0.0,48.0
2021-01-09,241,79,48,64,48,241,0,2021-01-05,2021-01-10,0.0,48.0
2021-01-10,241,68,48,48,48,241,0,2021-01-09,2020-11-27,0.0,48.0
2021-01-01,346,67,49,63,49,346,0,2020-12-19,2021-01-02,0.0,48.0
2021-01-02,49,75,346,71,49,346,1,2021-01-01,2021-01-15,0.0,49.0
2021-01-15,306,61,49,37,49,306,0,2021-01-02,2021-01-16,1.0,49.0
2021-01-16,49,70,306,55,49,306,1,2021-01-15,2021-01-29,0.0,49.0
2021-01-29,49,63,85,55,49,85,1,2021-01-16,2021-01-30,1.0,49.0
2021-01-30,49,68,85,65,49,85,1,2021-01-29,2020-12-05,1.0,49.0
2020-12-26,54,87,357,69,54,357,1,2021-01-27,2020-12-27,1.0,49.0
2020-12-27,54,81,357,74,54,357,1,2020-12-26,2021-01-08,1.0,54.0
2021-01-08,54,58,214,44,54,214,1,2020-12-27,2021-01-09,1.0,54.0
2021-01-09,54,74,214,71,54,214,1,2021-01-08,2021-01-22,1.0,54.0
2021-01-22,54,64,174,53,54,174,1,2021-01-09,2021-01-23,1.0,54.0
2021-01-23,174,81,54,80,54,174,0,2021-01-22,2021-01-29,1.0,54.0
2021-01-29,54,74,107,68,54,107,1,2021-01-23,2021-01-30,0.0,54.0
2021-01-30,54,73,107,65,54,107,1,2021-01-29,2020-12-07,1.0,54.0
2021-01-01,55,81,102,69,55,102,1,2020-12-17,2021-01-02,1.0,54.0
2021-01-02,102,70,55,62,55,102,0,2021-01-01,2021-01-08,1.0,55.0
2021-01-08,55,78,266,65,55,266,1,2021-01-02,2021-01-09,0.0,55.0
2021-01-09,55,83,266,69,55,266,1,2021-01-08,2021-01-22,1.0,55.0
2021-01-22,55,90,303,81,55,303,1,2021-01-09,2021-01-23,1.0,55.0
2021-01-23,55,70,303,65,55,303,1,2021-01-22,2021-01-02,1.0,55.0
2021-01-02,56,101,16,57,56,16,1,2021-01-23,2021-01-03,1.0,55.0
2021-01-03,16,75,56,73,56,16,0,2021-01-02,2021-01-16,1.0,56.0
2021-01-16,56,95,114,55,56,114,1,2021-01-03,2021-01-17,0.0,56.0
2021-01-17,56,96,114,87,56,114,1,2021-01-16,2020-11-25,1.0,56.0
2021-01-04,61,86,69,78,61,69,1,2020-12-13,2021-01-05,1.0,56.0
2021-01-05,61,81,69,77,61,69,1,2021-01-04,2021-01-23,1.0,61.0
2021-01-23,61,81,200,71,61,200,1,2021-01-05,2021-01-24,1.0,61.0
2021-01-24,61,81,200,77,61,200,1,2021-01-23,2021-01-30,1.0,61.0
2021-01-02,68,70,47,67,68,47,1,2020-12-21,2021-01-03,1.0,61.0
2021-01-03,47,66,68,59,68,47,0,2021-01-02,2021-01-15,1.0,68.0
2021-01-30,68,66,83,43,68,83,1,2021-01-17,2021-01-31,0.0,68.0
2021-01-31,68,75,83,70,68,83,1,2021-01-30,2020-12-30,1.0,68.0
2021-01-16,200,87,69,76,69,200,0,2020-12-30,2021-01-17,1.0,68.0
2021-01-17,200,83,69,79,69,200,0,2021-01-16,2020-12-06,0.0,69.0
2021-01-15,224,88,70,84,70,224,0,2020-12-22,2021-01-16,0.0,69.0
2021-01-16,224,91,70,82,70,224,0,2021-01-15,2020-12-08,0.0,70.0
2020-12-19,353,93,71,70,71,353,0,2020-12-08,2020-12-20,0.0,70.0
2020-12-20,353,85,71,72,71,353,0,2020-12-19,2020-12-26,0.0,71.0
2020-12-26,218,77,71,75,71,218,0,2020-12-20,2020-12-27,0.0,71.0
2020-12-27,218,83,71,80,71,218,0,2020-12-26,2021-01-15,0.0,71.0
2021-01-15,71,86,107,61,71,107,1,2020-12-27,2021-01-16,0.0,71.0
2021-01-16,71,68,107,65,71,107,1,2021-01-15,2020-12-02,1.0,71.0
2021-01-22,106,77,72,74,72,106,0,2021-01-13,2021-01-23,1.0,71.0
2021-01-23,106,81,72,46,72,106,0,2021-01-22,2020-11-27,0.0,72.0
2021-01-03,73,73,275,55,73,275,1,2020-12-22,2021-01-04,0.0,72.0
2021-01-04,73,86,275,55,73,275,1,2021-01-03,2021-01-31,1.0,73.0
2020-12-02,74,66,240,48,74,240,1,2021-01-31,2020-12-03,1.0,73.0
2020-12-03,74,70,240,58,74,240,1,2020-12-02,2020-12-06,1.0,74.0
2021-01-16,74,82,349,58,74,349,1,2020-12-17,2021-01-17,1.0,74.0
2021-01-17,349,69,74,64,74,349,0,2021-01-16,2020-11-28,1.0,74.0
2021-01-02,84,65,213,61,84,213,1,2020-12-21,2021-01-03,0.0,74.0
2021-01-03,84,70,213,64,84,213,1,2021-01-02,2021-01-09,1.0,84.0
2021-01-09,84,57,123,48,84,123,1,2021-01-03,2021-01-10,1.0,84.0
2021-01-10,123,73,84,68,84,123,0,2021-01-09,2021-01-31,1.0,84.0
2021-01-01,85,82,223,67,85,223,1,2020-12-19,2021-01-02,0.0,84.0
2021-01-02,223,71,85,66,85,223,0,2021-01-01,2021-01-14,1.0,85.0
2021-01-22,161,79,85,66,85,161,0,2021-01-14,2021-01-23,0.0,85.0
2021-01-23,161,89,85,72,85,161,0,2021-01-22,2020-12-02,0.0,85.0
2020-12-11,127,70,86,42,86,127,0,2020-12-02,2020-12-12,0.0,85.0
2020-12-12,86,67,127,52,86,127,1,2020-12-11,2020-12-22,0.0,86.0
2021-01-01,245,70,86,62,86,245,0,2020-12-22,2021-01-02,1.0,86.0
2021-01-02,86,72,245,56,86,245,1,2021-01-01,2021-01-09,0.0,86.0
2021-01-09,265,74,86,58,86,265,0,2021-01-02,2021-01-10,1.0,86.0
2021-01-10,265,75,86,68,86,265,0,2021-01-09,2020-12-08,0.0,86.0
2020-12-08,45,94,87,87,87,45,0,2021-01-10,2020-12-09,0.0,86.0
2020-12-09,87,79,45,71,87,45,1,2020-12-08,2020-12-19,0.0,87.0
2021-01-30,87,81,32,79,87,32,1,2020-12-19,2021-01-31,1.0,87.0
2021-01-31,87,95,32,84,87,32,1,2021-01-30,2020-12-02,1.0,87.0
2021-01-22,90,66,49,53,90,49,1,2021-01-16,2021-01-23,1.0,87.0
2021-01-23,49,74,90,71,90,49,0,2021-01-22,2020-11-25,1.0,90.0
2021-01-15,22,74,91,60,91,22,0,2020-12-22,2021-01-16,0.0,90.0
2021-01-16,22,80,91,63,91,22,0,2021-01-15,2021-01-29,0.0,91.0
2021-01-29,91,64,284,63,91,284,1,2021-01-16,2021-01-30,0.0,91.0
2021-01-30,284,77,91,66,91,284,0,2021-01-29,2020-12-02,1.0,91.0
2021-01-04,42,70,96,61,96,42,0,2020-12-18,2021-01-05,0.0,91.0
2021-01-05,96,85,42,70,96,42,1,2021-01-04,2021-01-19,0.0,96.0
2021-01-19,317,79,96,75,96,317,0,2021-01-05,2021-01-20,1.0,96.0
2021-01-20,96,84,317,57,96,317,1,2021-01-19,2021-01-24,0.0,96.0
2021-01-24,96,74,48,62,96,48,1,2021-01-20,2021-01-25,1.0,96.0
2021-01-25,96,80,48,71,96,48,1,2021-01-24,2021-01-29,1.0,96.0
2021-01-29,112,59,96,55,96,112,0,2021-01-25,2021-01-30,1.0,96.0
2021-01-30,112,72,96,69,96,112,0,2021-01-29,2020-12-21,0.0,96.0
2021-01-02,76,75,98,63,98,76,0,2020-12-22,2021-01-03,0.0,96.0
2021-01-03,98,75,76,73,98,76,1,2021-01-02,2021-01-13,0.0,98.0
2021-01-01,266,88,101,59,101,266,0,2020-12-13,2021-01-02,1.0,98.0
2021-01-02,101,62,266,49,101,266,1,2021-01-01,2021-01-15,0.0,101.0
2021-01-15,101,67,303,64,101,303,1,2021-01-02,2021-01-16,1.0,101.0
2021-01-16,101,63,303,56,101,303,1,2021-01-15,2021-01-29,1.0,101.0
2021-01-29,55,79,101,62,101,55,0,2021-01-16,2021-01-30,1.0,101.0
2021-01-30,101,61,55,58,101,55,1,2021-01-29,2020-12-16,0.0,101.0
2020-12-21,104,95,216,57,104,216,1,2020-12-19,2020-12-22,1.0,101.0
2020-12-22,104,95,216,78,104,216,1,2020-12-21,2020-12-28,1.0,104.0
2020-12-28,104,88,210,58,104,210,1,2020-12-22,2020-12-29,1.0,104.0
2020-12-29,104,112,72,67,104,72,1,2020-12-28,2021-01-02,1.0,104.0
2021-01-29,106,70,196,62,106,196,1,2020-12-22,2021-01-30,1.0,104.0
2021-01-30,106,65,196,53,106,196,1,2021-01-29,2020-12-05,1.0,106.0
2020-12-19,174,68,107,65,107,174,0,2020-12-05,2020-12-20,1.0,106.0
2020-12-20,174,74,107,62,107,174,0,2020-12-19,2021-01-08,0.0,107.0
2021-01-08,107,84,218,81,107,218,1,2020-12-20,2021-01-09,0.0,107.0
2021-01-09,107,87,218,78,107,218,1,2021-01-08,2021-01-22,1.0,107.0
2021-01-22,107,77,239,59,107,239,1,2021-01-09,2021-01-23,1.0,107.0
2021-01-23,107,87,239,72,107,239,1,2021-01-22,2020-12-16,1.0,107.0
2020-12-30,108,80,96,69,108,96,1,2020-12-16,2020-12-31,1.0,107.0
2020-12-31,96,80,108,69,108,96,0,2020-12-30,2021-01-09,1.0,108.0
2021-01-09,108,73,317,71,108,317,1,2020-12-31,2021-01-10,0.0,108.0
2021-01-10,317,85,108,77,108,317,0,2021-01-09,2020-12-01,1.0,108.0
2020-12-19,109,63,157,60,109,157,1,2020-12-07,2020-12-20,0.0,108.0
2020-12-20,109,65,157,50,109,157,1,2020-12-19,2021-01-02,1.0,109.0
2021-01-02,109,76,25,56,109,25,1,2020-12-20,2021-01-03,1.0,109.0
2021-01-03,109,77,25,74,109,25,1,2021-01-02,2021-01-15,1.0,109.0
2021-01-15,38,60,111,55,111,38,0,2021-01-03,2021-01-16,1.0,109.0
2021-01-16,38,83,111,72,111,38,0,2021-01-15,2021-01-29,0.0,111.0
2021-01-29,308,53,111,51,111,308,0,2021-01-16,2021-01-30,0.0,111.0
2021-01-30,111,62,308,61,111,308,1,2021-01-29,2020-12-05,0.0,111.0
2020-12-30,112,63,322,52,112,322,1,2020-12-05,2020-12-31,1.0,111.0
2020-12-31,322,60,112,51,112,322,0,2020-12-30,2021-01-24,1.0,112.0
2021-01-24,112,81,235,57,112,235,1,2020-12-31,2021-01-25,0.0,112.0
2021-01-25,235,71,112,56,112,235,0,2021-01-24,2020-11-30,1.0,112.0
2021-01-02,113,61,349,56,113,349,1,2020-12-09,2021-01-03,0.0,112.0
2021-01-03,113,82,349,73,113,349,1,2021-01-02,2021-01-07,1.0,113.0
2021-01-23,113,71,302,58,113,302,1,2021-01-07,2021-01-24,1.0,113.0
2021-01-24,113,74,302,69,113,302,1,2021-01-23,2021-01-04,1.0,113.0
2021-01-23,144,75,114,72,114,144,0,2021-01-09,2021-01-24,1.0,113.0
2021-01-24,144,82,114,74,114,144,0,2021-01-23,2021-01-30,0.0,114.0
2021-01-30,56,74,114,63,114,56,0,2021-01-24,2021-01-31,0.0,114.0
2021-01-31,56,78,114,60,114,56,0,2021-01-30,2020-11-25,0.0,114.0
2021-01-01,54,65,118,62,118,54,0,2020-12-12,2021-01-02,0.0,114.0
2021-01-02,54,59,118,49,118,54,0,2021-01-01,2021-01-22,0.0,118.0
2021-01-22,353,95,118,65,118,353,0,2021-01-02,2021-01-23,0.0,118.0
2021-01-23,353,100,118,72,118,353,0,2021-01-22,2021-01-29,0.0,118.0
2021-01-29,118,73,174,68,118,174,1,2021-01-23,2021-01-30,0.0,118.0
2021-01-30,174,83,118,76,118,174,0,2021-01-29,2020-12-31,1.0,118.0
2021-01-17,120,57,250,56,120,250,1,2020-11-27,2021-01-18,0.0,118.0
2021-01-18,250,70,120,65,120,250,0,2021-01-17,2020-11-25,1.0,120.0
2020-11-25,121,122,203,60,121,203,1,2021-01-18,2020-11-26,0.0,120.0
2020-11-26,121,97,51,38,121,51,1,2020-11-25,2020-11-27,1.0,121.0
2020-11-27,121,77,219,75,121,219,1,2020-11-26,2020-12-15,1.0,121.0
2020-12-19,122,74,218,72,122,218,1,2020-12-13,2020-12-20,1.0,121.0
2020-12-20,122,90,218,73,122,218,1,2020-12-19,2021-01-15,1.0,122.0
2021-01-15,122,67,246,53,122,246,1,2020-12-20,2021-01-16,1.0,122.0
2021-01-16,122,66,246,62,122,246,1,2021-01-15,2020-11-28,1.0,122.0
2021-01-16,126,73,123,65,123,126,0,2020-12-15,2021-01-17,1.0,122.0
2021-01-17,126,74,123,68,123,126,0,2021-01-16,2021-01-20,0.0,123.0
2021-01-23,332,69,123,60,123,332,0,2021-01-20,2021-01-24,0.0,123.0
2021-01-24,332,70,123,66,123,332,0,2021-01-23,2020-11-27,0.0,123.0
2020-12-27,73,81,126,63,126,73,0,2020-12-22,2020-12-28,0.0,123.0
2020-12-28,73,73,126,66,126,73,0,2020-12-27,2021-01-10,0.0,126.0
2021-01-10,126,76,154,71,126,154,1,2020-12-28,2021-01-11,0.0,126.0
2021-01-11,154,58,126,48,126,154,0,2021-01-10,2021-01-25,1.0,126.0
2021-01-25,126,69,275,66,126,275,1,2021-01-11,2021-01-26,0.0,126.0
2021-01-26,126,71,275,59,126,275,1,2021-01-25,2021-01-31,1.0,126.0
2021-01-08,131,66,207,65,131,207,1,2020-12-10,2021-01-09,1.0,126.0
2021-01-09,207,70,131,68,131,207,0,2021-01-08,2021-01-29,1.0,131.0
2021-01-29,145,59,131,54,131,145,0,2021-01-09,2021-01-30,0.0,131.0
2021-01-30,145,64,131,58,131,145,0,2021-01-29,2020-11-27,0.0,131.0
2021-01-01,131,62,136,57,136,131,0,2020-12-22,2021-01-02,0.0,131.0
2021-01-02,131,72,136,66,136,131,0,2021-01-01,2021-01-15,0.0,136.0
2021-01-15,201,66,136,43,136,201,0,2021-01-02,2021-01-16,0.0,136.0
2021-01-16,201,66,136,64,136,201,0,2021-01-15,2021-01-29,0.0,136.0
2021-01-29,22,84,136,67,136,22,0,2021-01-16,2021-01-30,0.0,136.0
2021-01-30,22,84,136,79,136,22,0,2021-01-29,2020-12-13,0.0,136.0
2021-01-07,139,78,280,75,139,280,1,2021-01-23,2021-01-08,0.0,136.0
2021-01-08,139,71,280,58,139,280,1,2021-01-07,2021-01-27,1.0,139.0
2021-01-27,168,68,139,63,139,168,0,2021-01-08,2021-01-28,1.0,139.0
2021-01-28,139,78,168,68,139,168,1,2021-01-27,2020-11-26,0.0,139.0
2021-01-23,28,81,142,76,142,28,0,2021-01-16,2021-01-24,1.0,139.0
2021-01-24,28,64,142,61,142,28,0,2021-01-23,2020-12-15,0.0,142.0
2021-01-08,145,69,136,63,145,136,1,2020-12-22,2021-01-09,0.0,142.0
2021-01-09,145,76,136,47,145,136,1,2021-01-08,2020-11-28,1.0,145.0
2021-01-01,146,77,145,70,146,145,1,2020-12-12,2021-01-02,1.0,145.0
2021-01-02,145,66,146,50,146,145,0,2021-01-01,2021-01-15,1.0,146.0
2021-01-15,146,84,207,72,146,207,1,2021-01-02,2021-01-16,0.0,146.0
2021-01-16,207,72,146,67,146,207,0,2021-01-15,2021-01-22,1.0,146.0
2021-01-22,91,79,146,69,146,91,0,2021-01-16,2021-01-23,0.0,146.0
2021-01-23,146,71,91,56,146,91,1,2021-01-22,2020-11-25,0.0,146.0
2021-01-01,147,102,323,93,147,323,1,2020-12-06,2021-01-02,1.0,146.0
2021-01-02,147,75,323,62,147,323,1,2021-01-01,2021-01-15,1.0,147.0
2021-01-15,298,63,147,59,147,298,0,2021-01-02,2021-01-16,1.0,147.0
2021-01-16,298,67,147,56,147,298,0,2021-01-15,2021-01-29,0.0,147.0
2021-01-29,147,66,151,62,147,151,1,2021-01-16,2021-01-30,0.0,147.0
2021-01-30,147,65,151,49,147,151,1,2021-01-29,2020-12-06,1.0,147.0
2021-01-01,148,90,38,89,148,38,1,2020-12-06,2021-01-02,1.0,147.0
2021-01-02,38,89,148,76,148,38,0,2021-01-01,2020-12-08,1.0,148.0
2020-12-30,317,80,149,73,149,317,0,2020-12-19,2020-12-31,0.0,148.0
2020-12-31,149,65,317,55,149,317,1,2020-12-30,2021-01-09,0.0,149.0
2021-01-09,42,64,149,58,149,42,0,2020-12-31,2021-01-10,1.0,149.0
2021-01-10,149,78,42,69,149,42,1,2021-01-09,2021-01-19,0.0,149.0
2021-01-19,149,75,112,54,149,112,1,2021-01-10,2021-01-20,1.0,149.0
2021-01-20,149,67,112,54,149,112,1,2021-01-19,2020-12-12,1.0,149.0
2021-01-01,150,83,298,77,150,298,1,2020-12-19,2021-01-02,1.0,149.0
2021-01-02,298,71,150,59,150,298,0,2021-01-01,2021-01-08,1.0,150.0
2021-01-08,150,66,147,64,150,147,1,2021-01-02,2021-01-09,0.0,150.0
2021-01-09,147,78,150,76,150,147,0,2021-01-08,2021-01-22,1.0,150.0
2021-01-22,150,81,15,68,150,15,1,2021-01-09,2021-01-23,0.0,150.0
2021-01-23,150,77,15,74,150,15,1,2021-01-22,2020-12-09,1.0,150.0
2021-01-01,151,84,15,72,151,15,1,2020-12-22,2021-01-02,1.0,150.0
2021-01-02,151,62,15,55,151,15,1,2021-01-01,2021-01-08,1.0,151.0
2021-01-08,323,77,151,64,151,323,0,2021-01-02,2021-01-09,1.0,151.0
2021-01-09,323,75,151,74,151,323,0,2021-01-08,2021-01-22,0.0,151.0
2021-01-22,298,57,151,47,151,298,0,2021-01-09,2021-01-23,0.0,151.0
2021-01-23,298,69,151,63,151,298,0,2021-01-22,2020-11-27,0.0,151.0
2021-01-01,152,75,161,68,152,161,1,2020-12-19,2021-01-02,0.0,151.0
2021-01-02,161,80,152,73,152,161,0,2021-01-01,2021-01-15,1.0,152.0
2021-01-15,152,77,326,66,152,326,1,2021-01-02,2021-01-16,0.0,152.0
2021-01-16,152,82,326,66,152,326,1,2021-01-15,2021-01-30,1.0,152.0
2020-12-27,154,90,123,60,154,123,1,2020-12-18,2020-12-28,1.0,152.0
2020-12-28,154,86,123,55,154,123,1,2020-12-27,2021-01-02,1.0,154.0
2021-01-16,154,72,213,57,154,213,1,2021-01-02,2021-01-17,1.0,154.0
2021-01-17,154,88,213,46,154,213,1,2021-01-16,2021-01-17,1.0,154.0
2021-01-02,157,59,194,56,157,194,1,2021-01-23,2021-01-03,1.0,154.0
2021-01-03,194,62,157,58,157,194,0,2021-01-02,2020-12-11,1.0,157.0
2020-12-11,245,82,158,64,158,245,0,2021-01-03,2020-12-12,0.0,157.0
2020-12-12,158,87,245,77,158,245,1,2020-12-11,2020-12-19,0.0,158.0
2020-12-19,159,61,158,39,158,159,0,2020-12-12,2020-12-20,1.0,158.0
2020-12-20,159,72,158,67,158,159,0,2020-12-19,2021-01-15,0.0,158.0
2021-01-15,158,58,198,49,158,198,1,2020-12-20,2021-01-16,0.0,158.0
2021-01-16,158,58,198,55,158,198,1,2021-01-15,2020-12-06,1.0,158.0
2021-01-01,159,63,198,61,159,198,1,2020-12-06,2021-01-02,1.0,158.0
2021-01-02,198,86,159,72,159,198,0,2021-01-01,2021-01-15,1.0,159.0
2021-01-15,159,73,86,63,159,86,1,2021-01-02,2021-01-16,0.0,159.0
2021-01-16,86,55,159,52,159,86,0,2021-01-15,2021-01-30,1.0,159.0
2021-01-30,159,55,265,54,159,265,1,2021-01-16,2021-01-31,0.0,159.0
2021-01-31,265,63,159,50,159,265,0,2021-01-30,2020-11-25,1.0,159.0
2020-11-26,346,75,166,69,166,346,0,2021-01-20,2020-11-27,0.0,159.0
2020-11-27,330,70,166,59,166,330,0,2020-11-26,2020-12-02,0.0,166.0
2021-01-07,168,97,251,90,168,251,1,2021-01-23,2021-01-08,0.0,166.0
2021-01-08,251,68,168,62,168,251,0,2021-01-07,2021-01-21,1.0,168.0
2021-01-21,168,62,87,51,168,87,1,2021-01-08,2021-01-22,0.0,168.0
2021-01-22,168,76,87,71,168,87,1,2021-01-21,2020-11-29,1.0,168.0
2021-01-08,85,68,173,55,173,85,0,2020-12-16,2021-01-09,1.0,168.0
2021-01-09,173,67,85,56,173,85,1,2021-01-08,2021-01-23,0.0,173.0
2021-01-23,346,82,173,67,173,346,0,2021-01-09,2021-01-24,1.0,173.0
2021-01-24,346,68,173,52,173,346,0,2021-01-23,2021-01-28,0.0,173.0
2021-01-08,174,94,118,70,174,118,1,2021-01-28,2021-01-09,0.0,173.0
2021-01-09,174,71,118,63,174,118,1,2021-01-08,2021-01-15,1.0,174.0
2021-01-15,239,81,174,72,174,239,0,2021-01-09,2021-01-16,1.0,174.0
2021-01-16,239,81,174,74,174,239,0,2021-01-15,2020-11-25,0.0,174.0
2020-11-25,53,53,177,42,177,53,0,2021-01-23,2020-11-26,0.0,174.0
2020-11-26,145,84,177,73,177,145,0,2020-11-25,2020-11-30,0.0,177.0
2021-01-02,180,84,126,74,180,126,1,2020-12-21,2021-01-03,0.0,177.0
2021-01-03,180,70,126,66,180,126,1,2021-01-02,2021-01-26,1.0,180.0
2021-01-26,73,68,180,61,180,73,0,2021-01-03,2021-01-27,1.0,180.0
2021-01-27,73,78,180,73,180,73,0,2021-01-26,2021-01-31,0.0,180.0
2020-12-18,181,78,255,76,181,255,1,2020-12-15,2020-12-19,0.0,180.0
2020-12-19,255,78,181,76,181,255,0,2020-12-18,2020-12-27,1.0,181.0
2020-12-27,181,84,43,66,181,43,1,2020-12-19,2020-12-28,0.0,181.0
2020-12-28,181,97,43,69,181,43,1,2020-12-27,2021-01-09,1.0,181.0
2021-01-09,181,80,159,64,181,159,1,2020-12-28,2021-01-10,1.0,181.0
2021-01-10,181,72,159,62,181,159,1,2021-01-09,2021-01-15,1.0,181.0
2021-01-15,181,92,240,80,181,240,1,2021-01-10,2021-01-16,1.0,181.0
2021-01-16,181,70,240,63,181,240,1,2021-01-15,2021-01-02,1.0,181.0
2021-01-16,185,92,61,72,185,61,1,2020-11-25,2021-01-17,1.0,181.0
2021-01-17,61,89,185,79,185,61,0,2021-01-16,2021-01-24,1.0,185.0
2021-01-14,186,77,168,57,186,168,1,2020-12-08,2021-01-15,0.0,185.0
2021-01-15,186,63,168,52,186,168,1,2021-01-14,2021-01-30,1.0,186.0
2021-01-30,251,61,186,58,186,251,0,2021-01-15,2021-01-31,1.0,186.0
2021-01-31,186,76,251,64,186,251,1,2021-01-30,2020-12-05,0.0,186.0
2021-01-09,189,63,157,54,189,157,1,2021-01-27,2021-01-10,1.0,186.0
2021-01-10,157,45,189,41,189,157,0,2021-01-09,2021-01-23,1.0,189.0
2021-01-23,189,74,285,65,189,285,1,2021-01-10,2021-01-24,0.0,189.0
2021-01-24,285,56,189,44,189,285,0,2021-01-23,2021-01-31,1.0,189.0
2021-01-16,190,87,9,86,190,9,1,2021-01-10,2021-01-17,0.0,189.0
2021-01-17,190,71,9,59,190,9,1,2021-01-16,2021-01-23,1.0,190.0
2021-01-23,190,69,16,62,190,16,1,2021-01-17,2021-01-24,1.0,190.0
2021-01-24,16,87,190,78,190,16,0,2021-01-23,2021-01-30,1.0,190.0
2020-11-25,191,102,165,55,191,165,1,2021-01-30,2020-11-26,0.0,190.0
2020-11-26,193,69,191,66,191,193,0,2020-11-25,2020-11-28,1.0,191.0
2021-01-02,224,95,192,83,192,224,0,2020-11-28,2021-01-03,0.0,191.0
2021-01-03,224,86,192,75,192,224,0,2021-01-02,2020-11-25,0.0,192.0
2020-12-27,194,77,109,69,194,109,1,2020-12-01,2020-12-28,0.0,192.0
2020-12-28,194,53,109,51,194,109,1,2020-12-27,2021-01-09,1.0,194.0
2021-01-09,314,69,194,54,194,314,0,2020-12-28,2021-01-10,1.0,194.0
2021-01-10,314,68,194,66,194,314,0,2021-01-09,2021-01-23,0.0,194.0
2021-01-23,194,71,7,64,194,7,1,2021-01-10,2021-01-24,0.0,194.0
2021-01-24,7,83,194,64,194,7,0,2021-01-23,2020-12-31,1.0,194.0
2020-12-18,198,68,86,51,198,86,1,2021-01-20,2020-12-19,0.0,194.0
2020-12-19,198,81,86,61,198,86,1,2020-12-18,2021-01-08,1.0,198.0
2021-01-08,245,76,198,70,198,245,0,2020-12-19,2021-01-09,1.0,198.0
2021-01-09,198,66,245,55,198,245,1,2021-01-08,2021-01-29,0.0,198.0
2021-01-29,181,77,198,67,198,181,0,2021-01-09,2021-01-30,1.0,198.0
2021-01-30,198,83,181,74,198,181,1,2021-01-29,2020-11-25,0.0,198.0
2021-01-09,185,78,200,74,200,185,0,2020-12-18,2021-01-10,1.0,198.0
2021-01-10,200,89,185,85,200,185,1,2021-01-09,2021-01-30,0.0,200.0
2021-01-08,284,86,201,77,201,284,0,2020-12-10,2021-01-09,1.0,200.0
2021-01-09,201,73,284,66,201,284,1,2021-01-08,2021-01-22,0.0,201.0
2021-01-22,201,82,131,81,201,131,1,2021-01-09,2021-01-23,1.0,201.0
2021-01-23,201,76,131,54,201,131,1,2021-01-22,2020-11-25,1.0,201.0
2020-11-26,219,84,203,72,203,219,0,2021-01-23,2020-11-27,1.0,201.0
2020-11-27,203,74,51,44,203,51,1,2020-11-26,2020-12-06,0.0,203.0
2021-01-30,203,70,89,58,203,89,1,2020-12-22,2021-01-31,1.0,203.0
2021-01-31,203,67,89,65,203,89,1,2021-01-30,2020-12-11,1.0,203.0
2020-12-11,270,74,205,62,205,270,0,2021-01-31,2020-12-12,1.0,203.0
2020-12-12,206,53,205,52,205,206,0,2020-12-11,2021-01-02,0.0,205.0
2021-01-02,205,52,315,45,205,315,1,2020-12-12,2021-01-03,0.0,205.0
2021-01-03,315,77,205,53,205,315,0,2021-01-02,2021-01-15,1.0,205.0
2021-01-15,206,62,205,45,205,206,0,2021-01-03,2021-01-16,0.0,205.0
2021-01-16,205,82,206,78,205,206,1,2021-01-15,2021-01-29,0.0,205.0
2021-01-29,205,83,345,81,205,345,1,2021-01-16,2021-01-30,1.0,205.0
2021-01-30,345,99,205,87,205,345,0,2021-01-29,2020-12-11,1.0,205.0
2021-01-08,206,71,192,69,206,192,1,2020-12-11,2021-01-09,0.0,205.0
2021-01-09,206,80,192,66,206,192,1,2021-01-08,2021-01-22,1.0,206.0
2021-01-22,206,70,70,58,206,70,1,2021-01-09,2021-01-23,1.0,206.0
2021-01-23,206,84,70,58,206,70,1,2021-01-22,2020-11-25,1.0,206.0
2021-01-22,207,69,136,54,207,136,1,2020-12-12,2021-01-23,1.0,206.0
2021-01-23,207,68,136,65,207,136,1,2021-01-22,2021-01-29,1.0,207.0
2021-01-29,201,82,207,78,207,201,0,2021-01-23,2021-01-30,1.0,207.0
2021-01-30,207,82,201,72,207,201,1,2021-01-29,2020-11-26,0.0,207.0
2021-01-15,208,63,325,33,208,325,1,2020-12-17,2021-01-16,1.0,207.0
2021-01-16,208,74,325,65,208,325,1,2021-01-15,2021-01-31,1.0,208.0
2021-01-02,209,75,83,52,209,83,1,2020-12-13,2021-01-03,1.0,208.0
2021-01-03,209,66,83,58,209,83,1,2021-01-02,2021-01-09,1.0,209.0
2021-01-23,209,72,133,63,209,133,1,2021-01-09,2021-01-24,1.0,209.0
2021-01-24,133,79,209,72,209,133,0,2021-01-23,2020-12-10,1.0,209.0
2020-12-22,211,69,120,64,211,120,1,2021-01-29,2020-12-23,0.0,209.0
2020-12-23,120,71,211,56,211,120,0,2020-12-22,2021-01-07,1.0,211.0
2020-12-27,180,79,213,59,213,180,0,2020-11-27,2020-12-28,0.0,211.0
2020-12-28,213,85,180,75,213,180,1,2020-12-27,2021-01-10,0.0,213.0
2021-01-10,213,78,30,72,213,30,1,2020-12-28,2021-01-11,1.0,213.0
2021-01-11,30,75,213,73,213,30,0,2021-01-10,2020-11-25,1.0,213.0
2020-12-19,214,79,357,64,214,357,1,2020-12-03,2020-12-20,0.0,213.0
2020-12-20,357,70,214,60,214,357,0,2020-12-19,2021-01-01,1.0,214.0
2021-01-01,214,75,239,68,214,239,1,2020-12-20,2021-01-02,0.0,214.0
2021-01-02,214,70,239,68,214,239,1,2021-01-01,2021-01-15,1.0,214.0
2021-01-15,118,74,214,69,214,118,0,2021-01-02,2021-01-16,1.0,214.0
2021-01-16,118,65,214,63,214,118,0,2021-01-15,2021-01-29,0.0,214.0
2021-01-29,214,72,122,68,214,122,1,2021-01-16,2021-01-30,0.0,214.0
2021-01-30,214,69,122,67,214,122,1,2021-01-29,2020-12-02,1.0,214.0
2020-11-26,301,80,218,53,218,301,0,2021-01-27,2020-11-27,1.0,214.0
2020-11-27,30,74,218,60,218,30,0,2020-11-26,2021-01-01,0.0,218.0
2021-01-01,353,90,218,51,218,353,0,2020-11-27,2021-01-02,0.0,218.0
2021-01-02,218,81,353,71,218,353,1,2021-01-01,2021-01-15,0.0,218.0
2021-01-15,218,82,357,65,218,357,1,2021-01-02,2021-01-16,1.0,218.0
2021-01-16,218,81,357,74,218,357,1,2021-01-15,2021-01-22,1.0,218.0
2021-01-22,218,86,71,81,218,71,1,2021-01-16,2021-01-23,1.0,218.0
2021-01-23,71,82,218,72,218,71,0,2021-01-22,2020-12-06,1.0,218.0
2021-01-08,223,71,90,67,223,90,1,2020-12-20,2021-01-09,0.0,218.0
2021-01-09,223,64,90,55,223,90,1,2021-01-08,2021-01-08,1.0,223.0
2021-01-08,205,72,224,71,224,205,0,2021-01-09,2021-01-09,1.0,223.0
2021-01-09,224,74,205,57,224,205,1,2021-01-08,2021-01-23,0.0,224.0
2021-01-23,224,60,315,58,224,315,1,2021-01-09,2021-01-24,1.0,224.0
2021-01-24,315,81,224,76,224,315,0,2021-01-23,2020-12-07,1.0,224.0
2020-12-30,241,71,235,65,235,241,0,2020-12-18,2020-12-31,0.0,224.0
2020-12-31,235,65,241,63,235,241,1,2020-12-30,2021-01-19,0.0,235.0
2021-01-19,350,72,235,58,235,350,0,2020-12-31,2021-01-20,1.0,235.0
2021-01-20,350,78,235,66,235,350,0,2021-01-19,2021-01-29,0.0,235.0
2021-01-29,149,49,235,45,235,149,0,2021-01-20,2021-01-30,0.0,235.0
2021-01-30,235,66,149,54,235,149,1,2021-01-29,2020-11-25,0.0,235.0
2020-11-30,125,79,237,58,237,125,0,2020-11-25,2020-12-01,1.0,235.0
2020-12-01,237,63,65,62,237,65,1,2020-11-30,2020-12-05,0.0,237.0
2020-12-19,54,63,239,61,239,54,0,2020-11-25,2020-12-20,1.0,237.0
2020-12-20,54,89,239,80,239,54,0,2020-12-19,2020-12-26,0.0,239.0
2020-12-26,246,102,239,88,239,246,0,2020-12-20,2020-12-27,0.0,239.0
2020-12-27,239,87,246,82,239,246,1,2020-12-26,2021-01-08,0.0,239.0
2021-01-08,239,96,122,89,239,122,1,2020-12-27,2021-01-09,1.0,239.0
2021-01-09,239,88,122,55,239,122,1,2021-01-08,2021-01-29,1.0,239.0
2021-01-29,218,81,239,66,239,218,0,2021-01-09,2021-01-30,1.0,239.0
2021-01-30,218,82,239,75,239,218,0,2021-01-29,2020-11-25,0.0,239.0
2021-01-08,240,84,158,79,240,158,1,2020-12-06,2021-01-09,0.0,239.0
2021-01-09,158,45,240,42,240,158,0,2021-01-08,2021-01-22,1.0,240.0
2021-01-22,198,59,240,56,240,198,0,2021-01-09,2021-01-23,0.0,240.0
2021-01-23,240,78,198,69,240,198,1,2021-01-22,2020-11-28,0.0,240.0
2020-12-14,241,67,149,66,241,149,1,2020-11-28,2020-12-15,1.0,240.0
2020-12-15,241,62,149,53,241,149,1,2020-12-14,2021-01-04,1.0,241.0
2021-01-04,241,79,108,66,241,108,1,2020-12-15,2021-01-05,1.0,241.0
2021-01-05,241,76,108,65,241,108,1,2021-01-04,2020-11-25,1.0,241.0
2020-11-25,12,94,242,88,242,12,0,2021-01-05,2020-11-26,1.0,241.0
2020-11-26,27,69,242,64,242,27,0,2020-11-25,2020-11-29,0.0,242.0
2021-01-01,243,95,326,86,243,326,1,2020-12-21,2021-01-02,0.0,242.0
2021-01-02,243,84,326,69,243,326,1,2021-01-01,2021-01-15,1.0,243.0
2021-01-15,243,69,223,59,243,223,1,2021-01-02,2021-01-16,1.0,243.0
2021-01-16,223,61,243,58,243,223,0,2021-01-15,2021-01-29,1.0,243.0
2020-12-18,127,70,245,56,245,127,0,2021-01-23,2020-12-19,0.0,243.0
2020-12-19,127,72,245,64,245,127,0,2020-12-18,2020-12-23,0.0,245.0
2021-01-15,265,78,245,69,245,265,0,2020-12-23,2021-01-16,0.0,245.0
2021-01-16,265,74,245,72,245,265,0,2021-01-15,2021-01-22,0.0,245.0
2021-01-22,245,76,159,64,245,159,1,2021-01-16,2021-01-23,0.0,245.0
2021-01-23,159,76,245,67,245,159,0,2021-01-22,2020-12-18,1.0,245.0
2021-01-22,214,81,246,76,246,214,0,2021-01-01,2021-01-23,0.0,245.0
2021-01-23,214,79,246,74,246,214,0,2021-01-22,2020-11-25,0.0,246.0
2020-12-16,139,75,251,55,251,139,0,2021-01-23,2020-12-17,0.0,246.0
2020-12-17,251,87,139,72,251,139,1,2020-12-16,2021-01-14,0.0,251.0
2021-01-21,280,76,251,58,251,280,0,2021-01-14,2021-01-22,1.0,251.0
2021-01-22,251,82,280,70,251,280,1,2021-01-21,2020-11-26,0.0,251.0
2020-11-26,17,96,252,91,252,17,0,2021-01-22,2020-11-27,1.0,251.0
2020-11-27,134,94,252,72,252,134,0,2020-11-26,2020-12-30,0.0,252.0
2020-11-25,166,73,254,56,254,166,0,2021-01-26,2020-11-26,0.0,252.0
2020-11-26,254,66,213,64,254,213,1,2020-11-25,2020-11-27,0.0,254.0
2020-11-27,254,72,270,59,254,270,1,2020-11-26,2020-12-01,1.0,254.0
2020-12-11,255,70,198,54,255,198,1,2020-12-01,2020-12-12,1.0,254.0
2020-12-12,255,53,198,49,255,198,1,2020-12-11,2021-01-29,1.0,255.0
2021-01-29,255,59,158,55,255,158,1,2020-12-12,2021-01-30,1.0,255.0
2021-01-30,255,68,158,54,255,158,1,2021-01-29,2020-11-29,1.0,255.0
2020-11-25,316,76,260,68,260,316,0,2021-01-30,2020-11-26,1.0,255.0
2020-11-26,260,79,302,68,260,302,1,2020-11-25,2020-11-27,0.0,260.0
2020-11-27,260,61,336,60,260,336,1,2020-11-26,2020-12-10,1.0,260.0
2020-11-27,262,66,307,63,262,307,1,2020-11-25,2020-11-28,1.0,260.0
2020-11-28,262,73,199,57,262,199,1,2020-11-27,2020-12-02,1.0,262.0
2021-01-03,265,78,181,77,265,181,1,2021-01-30,2021-01-04,1.0,262.0
2021-01-04,265,76,181,62,265,181,1,2021-01-03,2021-01-22,1.0,265.0
2021-01-22,255,68,265,62,265,255,0,2021-01-04,2021-01-23,1.0,265.0
2021-01-23,265,47,255,40,265,255,1,2021-01-22,2020-11-25,0.0,265.0
2021-01-15,266,73,10,64,266,10,1,2020-11-29,2021-01-16,1.0,265.0
2021-01-16,10,83,266,77,266,10,0,2021-01-15,2021-01-22,1.0,266.0
2021-01-22,101,84,266,75,266,101,0,2021-01-16,2021-01-23,0.0,266.0
2021-01-23,266,62,101,48,266,101,1,2021-01-22,2021-01-02,0.0,266.0
2021-01-02,203,97,268,86,268,203,0,2020-12-13,2021-01-03,1.0,266.0
2021-01-03,203,73,268,66,268,203,0,2021-01-02,2020-12-10,0.0,268.0
2021-01-02,269,93,70,54,269,70,1,2020-12-18,2021-01-03,0.0,268.0
2021-01-03,269,79,70,57,269,70,1,2021-01-02,2021-01-29,1.0,269.0
2021-01-29,269,91,192,59,269,192,1,2021-01-03,2021-01-30,1.0,269.0
2021-01-30,269,97,192,93,269,192,1,2021-01-29,2020-11-26,1.0,269.0
2021-01-08,270,83,345,77,270,345,1,2020-12-10,2021-01-09,1.0,269.0
2021-01-09,270,92,345,63,270,345,1,2021-01-08,2021-01-22,1.0,270.0
2021-01-22,270,92,205,73,270,205,1,2021-01-09,2021-01-23,1.0,270.0
2021-01-23,270,85,205,74,270,205,1,2021-01-22,2020-11-28,1.0,270.0
2020-12-17,275,85,205,64,275,205,1,2020-12-11,2020-12-18,1.0,270.0
2020-12-18,275,62,205,50,275,205,1,2020-12-17,2020-12-27,1.0,275.0
2020-12-27,275,63,84,57,275,84,1,2020-12-18,2020-12-28,1.0,275.0
2020-12-28,84,84,275,72,275,84,0,2020-12-27,2021-01-30,1.0,275.0
2021-01-30,213,74,275,62,275,213,0,2020-12-28,2021-01-31,0.0,275.0
2021-01-31,275,71,213,68,275,213,1,2021-01-30,2020-12-12,0.0,275.0
2021-01-01,276,74,325,66,276,325,1,2020-12-19,2021-01-02,1.0,275.0
2021-01-02,325,77,276,62,276,325,0,2021-01-01,2021-01-15,1.0,276.0
2021-01-15,276,84,173,54,276,173,1,2021-01-02,2021-01-16,0.0,276.0
2021-01-16,276,64,173,59,276,173,1,2021-01-15,2021-01-28,1.0,276.0
2020-12-08,32,101,279,82,279,32,0,2021-01-30,2020-12-09,1.0,276.0
2020-12-09,279,93,32,91,279,32,1,2020-12-08,2020-12-23,0.0,279.0
2021-01-07,279,70,186,55,279,186,1,2020-12-23,2021-01-08,1.0,279.0
2021-01-08,279,67,186,55,279,186,1,2021-01-07,2021-01-30,1.0,279.0
2021-01-14,280,89,32,82,280,32,1,2020-11-28,2021-01-15,1.0,279.0
2021-01-15,32,72,280,63,280,32,0,2021-01-14,2021-01-26,1.0,280.0
2021-01-26,87,94,280,92,280,87,0,2021-01-15,2021-01-27,0.0,280.0
2021-01-27,280,90,87,82,280,87,1,2021-01-26,2021-01-30,0.0,280.0
2021-01-30,280,62,45,59,280,45,1,2021-01-27,2021-01-31,1.0,280.0
2021-01-31,45,85,280,77,280,45,0,2021-01-30,2020-11-25,1.0,280.0
2020-11-25,281,76,255,75,281,255,1,2021-01-31,2020-11-26,0.0,280.0
2020-11-26,281,82,141,65,281,141,1,2020-11-25,2020-12-06,1.0,281.0
2020-12-01,202,67,282,63,282,202,0,2021-01-23,2020-12-02,1.0,281.0
2020-12-02,125,79,282,63,282,125,0,2020-12-01,2020-12-19,0.0,282.0
2021-01-15,284,65,145,59,284,145,1,2020-12-15,2021-01-16,0.0,282.0
2021-01-16,145,68,284,58,284,145,0,2021-01-15,2020-12-04,1.0,284.0
2020-12-27,285,73,316,58,285,316,1,2020-12-04,2020-12-28,0.0,284.0
2020-12-28,285,71,316,64,285,316,1,2020-12-27,2021-01-16,1.0,285.0
2021-01-16,194,81,285,64,285,194,0,2020-12-28,2021-01-17,1.0,285.0
2021-01-17,194,67,285,64,285,194,0,2021-01-16,2021-01-30,0.0,285.0
2021-01-30,109,59,285,57,285,109,0,2021-01-17,2021-01-31,0.0,285.0
2021-01-31,285,63,109,49,285,109,1,2021-01-30,2020-11-27,0.0,285.0
2020-11-28,287,70,305,65,287,305,1,2020-11-25,2020-11-29,1.0,285.0
2020-11-29,287,56,145,52,287,145,1,2020-11-28,2020-12-03,1.0,287.0
2021-01-08,106,75,288,72,288,106,0,2021-01-09,2021-01-09,1.0,287.0
2021-01-09,106,59,288,48,288,106,0,2021-01-08,2020-12-19,0.0,288.0
2021-01-29,150,62,298,60,298,150,0,2020-12-15,2021-01-30,0.0,288.0
2021-01-30,150,74,298,73,298,150,0,2021-01-29,2020-11-25,0.0,298.0
2021-01-18,302,72,319,69,302,319,1,2021-01-16,2021-01-19,0.0,298.0
2021-01-19,302,78,319,74,302,319,1,2021-01-18,2021-01-30,1.0,302.0
2021-01-30,349,84,302,74,302,349,0,2021-01-19,2021-01-31,1.0,302.0
2021-01-31,349,75,302,74,302,349,0,2021-01-30,2020-12-16,0.0,302.0
2021-01-29,303,71,10,62,303,10,1,2020-12-16,2021-01-30,0.0,302.0
2021-01-30,303,65,10,59,303,10,1,2021-01-29,2020-11-27,1.0,303.0
2021-01-08,306,72,276,60,306,276,1,2020-12-19,2021-01-09,1.0,303.0
2021-01-09,306,62,276,58,306,276,1,2021-01-08,2021-01-22,1.0,306.0
2021-01-22,306,78,243,68,306,243,1,2021-01-09,2021-01-23,1.0,306.0
2021-01-23,306,86,243,74,306,243,1,2021-01-22,2021-01-31,1.0,306.0
2021-01-29,311,72,307,51,307,311,0,2020-11-28,2021-01-30,1.0,306.0
2021-01-30,311,89,307,86,307,311,0,2021-01-29,2020-12-19,0.0,307.0
2020-12-27,308,75,311,56,308,311,1,2020-12-19,2020-12-28,0.0,307.0
2020-12-28,308,73,311,69,308,311,1,2020-12-27,2021-01-22,1.0,308.0
2021-01-22,308,68,37,49,308,37,1,2020-12-28,2021-01-23,1.0,308.0
2021-01-23,308,67,37,44,308,37,1,2021-01-22,2021-01-08,1.0,308.0
2021-01-08,111,88,309,83,309,111,0,2021-01-23,2021-01-09,1.0,308.0
2021-01-09,309,70,111,68,309,111,1,2021-01-08,2021-01-22,0.0,309.0
2021-01-22,38,47,309,45,309,38,0,2021-01-09,2021-01-23,1.0,309.0
2021-01-23,309,70,38,63,309,38,1,2021-01-22,2021-01-31,0.0,309.0
2021-01-22,310,89,307,69,310,307,1,2021-01-09,2021-01-23,1.0,309.0
2021-01-23,307,78,310,71,310,307,0,2021-01-22,2020-12-07,1.0,310.0
2021-01-01,311,81,39,63,311,39,1,2020-12-07,2021-01-02,0.0,310.0
2021-01-02,311,65,39,61,311,39,1,2021-01-01,2021-01-15,1.0,311.0
2021-01-15,311,69,310,52,311,310,1,2021-01-02,2021-01-16,1.0,311.0
2021-01-16,311,84,310,53,311,310,1,2021-01-15,2020-11-30,1.0,311.0
2020-12-07,314,92,98,81,314,98,1,2021-01-30,2020-12-08,1.0,311.0
2020-12-08,314,76,68,61,314,68,1,2020-12-07,2020-12-27,1.0,314.0
2020-12-27,314,74,25,67,314,25,1,2020-12-08,2020-12-28,1.0,314.0
2020-12-28,25,75,314,69,314,25,0,2020-12-27,2021-01-16,1.0,314.0
2021-01-16,109,70,314,63,314,109,0,2020-12-28,2021-01-17,0.0,314.0
2021-01-17,314,57,109,49,314,109,1,2021-01-16,2020-11-28,0.0,314.0
2021-01-08,269,66,315,64,315,269,0,2020-11-28,2021-01-09,1.0,314.0
2021-01-09,269,68,315,62,315,269,0,2021-01-08,2021-01-29,0.0,315.0
2021-01-29,206,71,315,67,315,206,0,2021-01-09,2021-01-30,0.0,315.0
2021-01-30,315,49,206,47,315,206,1,2021-01-29,2020-12-21,0.0,315.0
2020-12-21,316,73,334,65,316,334,1,2021-01-30,2020-12-22,1.0,315.0
2020-12-22,334,62,316,53,316,334,0,2020-12-21,2021-01-02,1.0,316.0
2021-01-02,189,73,316,67,316,189,0,2020-12-22,2021-01-03,0.0,316.0
2021-01-03,316,74,189,60,316,189,1,2021-01-02,2021-01-09,0.0,316.0
2021-01-09,316,71,109,62,316,109,1,2021-01-03,2021-01-10,1.0,316.0
2021-01-10,109,75,316,58,316,109,0,2021-01-09,2020-11-27,1.0,316.0
2020-11-27,319,76,317,68,317,319,0,2021-01-10,2020-11-28,0.0,316.0
2020-11-28,344,83,317,81,317,344,0,2020-11-27,2020-12-05,0.0,317.0
2020-12-12,317,80,112,67,317,112,1,2020-12-05,2020-12-13,0.0,317.0
2020-12-13,317,90,112,84,317,112,1,2020-12-12,2021-01-14,1.0,317.0
2021-01-14,317,92,48,54,317,48,1,2020-12-13,2021-01-15,1.0,317.0
2021-01-15,317,83,48,75,317,48,1,2021-01-14,2021-01-24,1.0,317.0
2021-01-24,317,76,241,68,317,241,1,2021-01-15,2021-01-25,1.0,317.0
2021-01-25,241,73,317,63,317,241,0,2021-01-24,2020-12-01,1.0,317.0
2021-01-23,319,77,68,70,319,68,1,2020-12-23,2021-01-24,0.0,317.0
2021-01-24,68,67,319,62,319,68,0,2021-01-23,2021-01-30,1.0,319.0
2021-01-30,113,82,319,73,319,113,0,2021-01-24,2021-01-31,0.0,319.0
2021-01-31,113,89,319,83,319,113,0,2021-01-30,2020-11-25,0.0,319.0
2020-12-12,350,95,322,77,322,350,0,2020-12-05,2020-12-13,0.0,319.0
2020-12-13,350,107,322,77,322,350,0,2020-12-12,2021-01-04,0.0,322.0
2021-01-04,322,71,149,69,322,149,1,2020-12-13,2021-01-05,0.0,322.0
2021-01-05,322,65,149,59,322,149,1,2021-01-04,2021-01-14,1.0,322.0
2021-01-14,108,69,322,68,322,108,0,2021-01-05,2021-01-15,1.0,322.0
2021-01-15,108,84,322,74,322,108,0,2021-01-14,2020-11-25,0.0,322.0
2021-01-15,323,91,150,86,323,150,1,2020-11-28,2021-01-16,0.0,322.0
2021-01-16,150,68,323,51,323,150,0,2021-01-15,2021-01-22,1.0,323.0
2021-01-22,147,66,323,59,323,147,0,2021-01-16,2021-01-23,0.0,323.0
2021-01-23,323,66,147,61,323,147,1,2021-01-22,2020-11-28,0.0,323.0
2021-01-15,324,82,72,49,324,72,1,2020-12-21,2021-01-16,1.0,323.0
2021-01-16,324,72,72,65,324,72,1,2021-01-15,2021-01-08,1.0,324.0
2021-01-08,325,101,243,89,325,243,1,2021-01-16,2021-01-09,1.0,324.0
2021-01-09,243,71,325,68,325,243,0,2021-01-08,2021-01-22,1.0,325.0
2021-01-22,325,82,152,74,325,152,1,2021-01-09,2021-01-23,0.0,325.0
2021-01-23,152,73,325,55,325,152,0,2021-01-22,2021-01-30,1.0,325.0
2021-01-08,208,77,326,70,326,208,0,2020-12-22,2021-01-09,0.0,325.0
2021-01-09,326,77,208,69,326,208,1,2021-01-08,2021-01-22,0.0,326.0
2021-01-22,326,70,276,64,326,276,1,2021-01-09,2021-01-23,1.0,326.0
2021-01-23,326,78,276,72,326,276,1,2021-01-22,2021-01-28,1.0,326.0
2021-01-08,329,77,36,50,329,36,1,2020-12-12,2021-01-09,1.0,326.0
2021-01-09,329,81,36,77,329,36,1,2021-01-08,2021-01-29,1.0,329.0
2021-01-29,329,73,288,60,329,288,1,2021-01-09,2021-01-30,1.0,329.0
2021-01-30,288,70,329,62,329,288,0,2021-01-29,2020-12-05,1.0,329.0
2021-01-09,180,81,332,68,332,180,0,2020-12-09,2021-01-10,0.0,329.0
2021-01-10,180,78,332,68,332,180,0,2021-01-09,2021-01-20,0.0,332.0
2020-12-27,334,92,189,78,334,189,1,2021-01-30,2020-12-28,0.0,332.0
2020-12-28,189,81,334,80,334,189,0,2020-12-27,2021-01-02,1.0,334.0
2021-01-02,7,63,334,62,334,7,0,2020-12-28,2021-01-03,0.0,334.0
2021-01-03,334,74,7,66,334,7,1,2021-01-02,2021-01-16,0.0,334.0
2021-01-16,334,65,157,30,334,157,1,2021-01-03,2021-01-17,1.0,334.0
2021-01-17,334,88,157,60,334,157,1,2021-01-16,2020-11-28,1.0,334.0
2020-12-21,338,74,251,46,338,251,1,2021-01-30,2020-12-22,1.0,334.0
2020-12-22,251,86,338,85,338,251,0,2020-12-21,2021-01-14,1.0,338.0
2021-01-14,139,77,338,66,338,139,0,2020-12-22,2021-01-15,0.0,338.0
2021-01-15,338,76,139,74,338,139,1,2021-01-14,2020-11-25,0.0,338.0
2020-11-25,343,79,270,71,343,270,1,2021-01-21,2020-11-26,1.0,338.0
2020-11-26,343,78,330,66,343,330,1,2020-11-25,2020-11-27,1.0,343.0
2020-11-27,343,70,346,64,343,346,1,2020-11-26,2020-12-11,1.0,343.0
2021-01-02,206,68,345,50,345,206,0,2020-12-06,2021-01-03,1.0,343.0
2021-01-03,206,78,345,67,345,206,0,2021-01-02,2021-01-22,0.0,345.0
2021-01-22,269,65,345,60,345,269,0,2021-01-03,2021-01-23,0.0,345.0
2021-01-23,269,84,345,74,345,269,0,2021-01-22,2020-12-06,0.0,345.0
2021-01-08,346,66,152,64,346,152,1,2020-12-22,2021-01-09,0.0,345.0
2021-01-09,152,63,346,58,346,152,0,2021-01-08,2021-01-15,1.0,346.0
2020-12-12,71,67,347,57,347,71,0,2021-01-15,2020-12-13,0.0,346.0
2020-12-13,174,71,347,63,347,174,0,2020-12-12,2020-12-18,0.0,347.0
2020-12-30,350,84,42,83,350,42,1,2020-12-19,2020-12-31,0.0,347.0
2020-12-31,350,94,42,76,350,42,1,2020-12-30,2021-01-09,1.0,350.0
2021-01-09,350,75,96,65,350,96,1,2020-12-31,2021-01-10,1.0,350.0
2021-01-10,350,91,96,83,350,96,1,2021-01-09,2021-01-14,1.0,350.0
2021-01-14,350,72,149,61,350,149,1,2021-01-10,2021-01-15,1.0,350.0
2021-01-15,350,70,149,50,350,149,1,2021-01-14,2021-01-28,1.0,350.0
2021-01-28,350,84,317,80,350,317,1,2021-01-15,2021-01-29,1.0,350.0
2021-01-29,317,57,350,55,350,317,0,2021-01-28,2020-11-25,1.0,350.0
2020-12-26,353,67,107,53,353,107,1,2020-12-05,2020-12-27,0.0,350.0
2020-12-27,353,90,107,77,353,107,1,2020-12-26,2021-01-08,1.0,353.0
2021-01-08,357,74,353,72,353,357,0,2020-12-27,2021-01-09,1.0,353.0
2021-01-09,353,93,357,55,353,357,1,2021-01-08,2021-01-15,0.0,353.0
2021-01-15,54,66,353,64,353,54,0,2021-01-09,2021-01-16,1.0,353.0
2021-01-16,353,85,54,49,353,54,1,2021-01-15,2021-01-29,0.0,353.0
2021-01-29,353,79,246,70,353,246,1,2021-01-16,2021-01-30,1.0,353.0
2021-01-30,353,86,246,56,353,246,1,2021-01-29,2020-11-28,1.0,353.0
2020-11-25,355,101,218,49,355,218,1,2021-01-24,2020-11-26,1.0,353.0
2020-11-26,355,51,30,50,355,30,1,2020-11-25,2020-11-27,1.0,355.0
2020-11-27,355,76,301,73,355,301,1,2020-11-26,2020-11-30,1.0,355.0
2021-01-01,357,84,107,77,357,107,1,2021-01-10,2021-01-02,1.0,355.0
2021-01-02,107,79,357,69,357,107,0,2021-01-01,2021-01-22,1.0,357.0
2021-01-22,122,67,357,66,357,122,0,2021-01-02,2021-01-23,0.0,357.0
2021-01-23,357,85,122,77,357,122,1,2021-01-22,2021-01-29,0.0,357.0
2021-01-29,71,78,357,75,357,71,0,2021-01-23,2021-01-30,1.0,357.0
2021-01-30,71,77,357,72,357,71,0,2021-01-29,,0.0,357.0
